
-- ═══════════════════════════════════════════
-- HEM∆ Blood Management System — Current Seed Data
-- Generated on: 2026-04-10T07:20:09.857Z
-- ═══════════════════════════════════════════

USE bms;

SET FOREIGN_KEY_CHECKS = 0;

DELETE FROM `users`;
DELETE FROM `system_settings`;
DELETE FROM `payment`;
DELETE FROM `patient`;
DELETE FROM `notification`;
DELETE FROM `hospital`;
DELETE FROM `health_check`;
DELETE FROM `donor`;
DELETE FROM `donation_record`;
DELETE FROM `camp_rsvp`;
DELETE FROM `blood_stock`;
DELETE FROM `blood_request`;
DELETE FROM `blood_issue`;
DELETE FROM `blood_camp`;
DELETE FROM `blood_bank`;
DELETE FROM `audit_log`;
DELETE FROM `appointment`;

-- TABLE: appointment
INSERT INTO `appointment` (`appointment_id`, `donor_id`, `bank_id`, `appointment_date`, `appointment_time`, `status`, `notes`, `created_at`, `updated_at`) VALUES
('APT-2026-0TH0R', 'DNR-2025-00001', 'BNK-2025-KL-00002', '2026-04-16 18:30:00', '04:00 PM', 'Scheduled', 'Slot booked at 04:00 PM', '2026-04-06 12:54:49', '2026-04-06 12:54:49'),
('APT-2026-QGLTS', 'DNR-2025-00001', 'BNK-2025-KL-00001', '2026-04-03 18:30:00', '4:00 PM', 'Cancelled', 'Slot booked at 4:00 PM', '2026-04-01 15:28:51', '2026-04-01 15:39:40'),
('APT-2026-S830X', 'DNR-2025-00001', 'BNK-2025-KL-00001', '2026-04-03 18:30:00', '10:00 AM', 'Fulfilled', 'Slot booked at 10:00 AM', '2026-04-01 16:07:18', '2026-04-01 16:21:48'),
('APT-2026-UDVL6', 'DNR-2025-00001', 'BNK-2025-KL-00001', '2026-04-02 18:30:00', '9:00 AM', 'Cancelled', 'Slot booked at 9:00 AM', '2026-04-01 16:19:40', '2026-04-01 16:19:57');

-- TABLE: audit_log
INSERT INTO `audit_log` (`log_id`, `user_id`, `user_name`, `role`, `action`, `entity`, `entity_id`, `detail`, `ip_address`, `severity`, `created_at`) VALUES
('LOG-2025-00001', 'USR-2025-00001', 'admin@hema.health', 'admin', 'LOGIN', 'Auth', NULL, 'Admin login successful', '127.0.0.1', 'Info', '2026-02-24 10:29:11'),
('LOG-2025-00002', 'USR-2025-00001', 'admin@hema.health', 'admin', 'APPROVED', 'Hospital', 'HSP-2025-KL-00001', 'Approved: KIMS Hospital', '127.0.0.1', 'Info', '2026-02-25 10:29:11'),
('LOG-2025-00003', 'USR-2025-00001', 'admin@hema.health', 'admin', 'APPROVED', 'Blood_Bank', 'BNK-2025-KL-00001', 'Approved: KIMS Blood Bank', '127.0.0.1', 'Info', '2026-02-25 10:29:11'),
('LOG-2025-00004', 'USR-2025-00001', 'admin@hema.health', 'admin', 'APPROVED', 'Hospital', 'HSP-2025-KL-00002', 'Approved: Lakeshore Hospital', '127.0.0.1', 'Info', '2026-02-26 10:29:11'),
('LOG-2025-00005', 'USR-2025-00001', 'admin@hema.health', 'admin', 'APPROVED', 'Blood_Bank', 'BNK-2025-KL-00002', 'Approved: Lakeshore Blood Centre', '127.0.0.1', 'Info', '2026-02-26 10:29:11'),
('LOG-2025-00006', 'USR-2025-00015', 'arjun@gmail.com', 'donor', 'REGISTERED', 'Donor', 'DNR-2025-00001', 'New donor registered: Arjun Nair, O+', '192.168.1.10', 'Info', '2026-02-27 10:29:11'),
('LOG-2025-00007', 'USR-2025-00009', 'admin@kims.in', 'hospital', 'CREATED', 'Patient', 'PAT-2025-00001', 'Patient added: Rajan Pillai, B+, Cardiac ICU', '192.168.1.20', 'Info', '2026-03-01 10:29:11'),
('LOG-2025-00008', 'USR-2025-00009', 'admin@kims.in', 'hospital', 'CREATED', 'Blood_Request', 'REQ-2025-00001', 'Request Emergency: 2U B+ from KIMS Blood Bank', '192.168.1.20', 'Warning', '2026-03-02 10:29:11'),
('LOG-2025-00009', 'USR-2025-00003', 'admin@kimsbank.in', 'bloodbank', 'APPROVED', 'Blood_Request', 'REQ-2025-00001', 'Request approved: 2U B+ for KIMS Hospital', '192.168.1.30', 'Info', '2026-03-02 10:29:11'),
('LOG-2025-00010', 'USR-2025-00003', 'admin@kimsbank.in', 'bloodbank', 'ISSUED', 'Blood_Issue', 'ISS-2025-00001', 'Issued 2U B+ to KIMS Hospital. Stock: 208U', '192.168.1.30', 'Info', '2026-03-03 10:29:11'),
('LOG-2025-00011', 'USR-2025-00009', 'admin@kims.in', 'hospital', 'PAID', 'Payment', 'PAY-2025-00001', 'Payment Rs.1000 to KIMS Blood Bank marked Paid', '192.168.1.20', 'Info', '2026-03-04 10:29:11'),
('LOG-2025-00012', 'USR-2025-00001', 'admin@hema.health', 'admin', 'FAILED_LOGIN', 'Auth', NULL, 'Failed login: ad***@test.com', '10.0.0.1', 'Warning', '2026-03-04 10:29:11'),
('LOG-2025-00013', 'USR-2025-00001', 'admin@hema.health', 'admin', 'FAILED_LOGIN', 'Auth', NULL, 'Failed login: ad***@test.com', '10.0.0.1', 'Warning', '2026-03-04 10:29:11'),
('LOG-2025-00014', 'USR-2025-00001', 'admin@hema.health', 'admin', 'FAILED_LOGIN', 'Auth', NULL, '3+ failed attempts from 10.0.0.1', '10.0.0.1', 'Critical', '2026-03-04 10:29:11'),
('LOG-2025-00015', 'USR-2025-00010', 'admin@lakehosp.in', 'hospital', 'CREATED', 'Blood_Request', 'REQ-2025-00005', 'Request Emergency: 2U B- — Urgent surgery tonight', '192.168.1.40', 'Warning', '2026-03-05 10:29:11'),
('LOG-2025-00016', 'USR-2025-00003', 'admin@kimsbank.in', 'bloodbank', 'UPDATED', 'Blood_Stock', 'STK-2025-KL-00004', 'add 10U B- (18->28). Restock', '192.168.1.30', 'Info', '2026-03-05 10:29:11'),
('LOG-2025-00017', 'USR-2025-00012', 'admin@babymemorial.in', 'hospital', 'CREATED', 'Blood_Request', 'REQ-2025-00010', 'Request Emergency: 3U AB- — Trauma patient critical', '192.168.1.50', 'Warning', '2026-03-06 10:29:11'),
('LOG-2025-00018', 'USR-2025-00001', 'admin@hema.health', 'admin', 'GENERATED', 'Report', NULL, 'Report: naco_monthly 2025-01-01 to 2025-01-31', '127.0.0.1', 'Info', '2026-03-03 10:29:11'),
('LOG-2025-00019', 'USR-2025-00001', 'admin@hema.health', 'admin', 'REJECTED', 'Blood_Bank', 'BNK-2025-KL-00005', 'Rejected Kollam District Blood Bank: Documents incomplete', '127.0.0.1', 'Warning', '2026-02-28 10:29:11'),
('LOG-2025-00020', 'USR-2025-00003', 'admin@kimsbank.in', 'bloodbank', 'RECALL', 'Donor', 'BNK-2025-KL-00001', 'Recall sent to 3 donors [O+ all cities]', '192.168.1.30', 'Info', '2026-03-01 10:29:11'),
('LOG-2026-06BDE', 'USR-2025-00014', 'Palakkad District Hospital', 'hospital', 'LOGIN', 'Users', 'USR-2025-00014', 'Login successful: admin@palakkadhosp.in', '::ffff:127.0.0.1', 'Info', '2026-03-07 12:15:11'),
('LOG-2026-0Q0S3', 'USR-2025-00009', 'KIMS Hospital', 'hospital', 'LOGIN', 'Users', 'USR-2025-00009', 'Login successful: admin@kims.in', '::ffff:127.0.0.1', 'Info', '2026-03-08 16:27:00'),
('LOG-2026-19PU6', 'USR-2025-00001', NULL, 'admin', 'APPROVED', 'Hospital', 'HSP-2026-KL-XZ3FY', 'Approved Hospital: TestHos', '::1', 'Info', '2026-03-09 14:43:16'),
('LOG-2026-1D7RO', 'USR-2025-00011', NULL, 'hospital', 'PAID', 'Payment', 'PAY-2025-00007', 'Payment of ₹1000.00 to Thrissur Red Cross Blood Bank marked Paid', '::1', 'Info', '2026-04-08 12:56:16'),
('LOG-2026-1PEGL', 'USR-2025-00009', NULL, 'hospital', 'DELETED', 'Patient', 'PAT-2026-WHBXR', 'Patient deleted: Kiwi', '::ffff:127.0.0.1', 'Warning', '2026-03-06 11:32:09'),
('LOG-2026-22Z6B', 'USR-2025-00010', 'Lakeshore Hospital', 'hospital', 'LOGIN', 'Users', 'USR-2025-00010', 'Login successful: admin@lakehosp.in', '::ffff:127.0.0.1', 'Info', '2026-03-19 17:03:24'),
('LOG-2026-26BER', 'USR-2025-00001', NULL, 'admin', 'LOGOUT', 'Users', 'USR-2025-00001', 'User logged out', '::ffff:127.0.0.1', 'Info', '2026-03-19 13:46:37'),
('LOG-2026-2GFE6', 'USR-2025-00001', NULL, 'admin', 'UPDATED', 'Payment', 'PAY-2025-00003', 'Admin overrode payment status → Paid', '::ffff:127.0.0.1', 'Warning', '2026-03-07 10:28:15'),
('LOG-2026-2GII5', 'USR-2025-00001', 'Admin Kerala', 'admin', 'LOGIN', 'Users', 'USR-2025-00001', 'Login successful: admin@hema.health', '::ffff:127.0.0.1', 'Info', '2026-03-07 10:27:59'),
('LOG-2026-2LWBX', 'USR-2025-00006', NULL, 'bloodbank', 'LOGOUT', 'Users', 'USR-2025-00006', 'User logged out', '::ffff:127.0.0.1', 'Info', '2026-03-07 11:21:15'),
('LOG-2026-2QS80', 'USR-2026-PFYR8', 'Mr.Max', 'hospital', 'REGISTERED', 'Hospital', 'HSP-2026-KL-YZZJ4', 'Hospital registration pending: test.hosp@hema.health', '::ffff:127.0.0.1', 'Info', '2026-03-09 02:17:08'),
('LOG-2026-2Z1PR', 'USR-2025-00004', NULL, 'bloodbank', 'UPDATED', 'Blood_Stock', 'STK-2025-KL-00012', 'add 10U B- (26→36) ', '::ffff:127.0.0.1', 'Info', '2026-04-09 11:16:26'),
('LOG-2026-32NYZ', 'USR-2025-00009', 'KIMS Hospital', 'hospital', 'LOGIN', 'Users', 'USR-2025-00009', 'Login successful: admin@kims.in', '::ffff:127.0.0.1', 'Info', '2026-03-07 08:36:14'),
('LOG-2026-38XDT', 'USR-2025-00006', NULL, 'bloodbank', 'PAID', 'Payment', 'PAY-2025-00011', 'Payment ₹500.00 received from Baby Memorial Hospital', '::ffff:127.0.0.1', 'Info', '2026-03-07 10:44:58'),
('LOG-2026-3SW1E', 'USR-2025-00009', NULL, 'hospital', 'LOGOUT', 'Users', 'USR-2025-00009', 'User logged out', '::ffff:127.0.0.1', 'Info', '2026-03-07 09:04:32'),
('LOG-2026-3VUKJ', 'USR-2025-00005', NULL, 'bloodbank', 'LOGOUT', 'Users', 'USR-2025-00005', 'User logged out', '::ffff:127.0.0.1', 'Info', '2026-03-07 09:19:30'),
('LOG-2026-3WQZ3', 'USR-2025-00006', NULL, 'bloodbank', 'ISSUED', 'Blood_Issue', 'ISS-2026-VTB2I', 'Issued 2U O+ to Baby Memorial Hospital', '::ffff:127.0.0.1', 'Info', '2026-03-07 10:43:30'),
('LOG-2026-41ZJ8', 'USR-2025-00009', NULL, 'hospital', 'CREATED', 'Patient', 'PAT-2026-WHBXR', 'Patient added: Kiwi, AB-, General', '::ffff:127.0.0.1', 'Info', '2026-03-06 11:30:34'),
('LOG-2026-4ABA9', 'USR-2025-00004', 'Lakeshore Blood Centre', 'bloodbank', 'LOGIN', 'Users', 'USR-2025-00004', 'Login successful: admin@lakeshore.in', '::ffff:127.0.0.1', 'Info', '2026-03-07 12:57:47'),
('LOG-2026-4BPEM', 'USR-2025-00015', 'Arjun Nair', 'donor', 'LOGIN', 'Users', 'USR-2025-00015', 'Login successful: arjun@gmail.com', '::ffff:127.0.0.1', 'Info', '2026-03-07 09:04:56'),
('LOG-2026-4T6S5', 'USR-2025-00017', NULL, 'donor', 'LOGOUT', 'Users', 'USR-2025-00017', 'User logged out', '::ffff:127.0.0.1', 'Info', '2026-03-06 10:46:10'),
('LOG-2026-4XT4Q', 'USR-2025-00001', NULL, 'admin', 'LOGOUT', 'Users', 'USR-2025-00001', 'User logged out', '::ffff:127.0.0.1', 'Info', '2026-03-07 10:29:03'),
('LOG-2026-4YLI6', 'USR-2025-00003', NULL, 'bloodbank', 'APPROVED', 'Blood_Request', 'REQ-2026-2MNUU', 'Request approved: 1U B+', '::ffff:127.0.0.1', 'Info', '2026-03-07 03:44:32'),
('LOG-2026-5176P', 'USR-2025-00004', NULL, 'bloodbank', 'LOGOUT', 'Users', 'USR-2025-00004', 'User logged out', '::ffff:127.0.0.1', 'Info', '2026-03-07 13:02:10'),
('LOG-2026-56OD8', 'USR-2025-00009', NULL, 'hospital', 'UPDATED', 'Patient', 'PAT-2026-WHBXR', 'Patient status → Admitted', '::ffff:127.0.0.1', 'Info', '2026-03-06 11:31:46'),
('LOG-2026-5K9WE', 'USR-2025-00006', 'Kozhikode Medical College Blood Bank', 'bloodbank', 'LOGIN', 'Users', 'USR-2025-00006', 'Login successful: admin@kozhikodebank.in', '::ffff:127.0.0.1', 'Info', '2026-03-07 10:41:54'),
('LOG-2026-5V77W', 'USR-2025-00018', 'Deepa Pillai', 'donor', 'LOGIN', 'Users', 'USR-2025-00018', 'Login successful: deepa@gmail.com', '::ffff:127.0.0.1', 'Info', '2026-03-06 10:47:45'),
('LOG-2026-6HHHG', 'USR-2025-00005', 'Thrissur Red Cross Blood Bank', 'bloodbank', 'LOGIN', 'Users', 'USR-2025-00005', 'Login successful: admin@thrissurredcross.in', '::ffff:127.0.0.1', 'Info', '2026-03-07 09:06:26'),
('LOG-2026-6MHRO', 'USR-2025-00001', 'Admin Kerala', 'admin', 'LOGIN', 'Users', 'USR-2025-00001', 'Login successful: admin@hema.health', '::1', 'Info', '2026-03-06 10:44:00'),
('LOG-2026-6MI9H', 'USR-2025-00006', NULL, 'bloodbank', 'UPDATED', 'Blood_Stock', 'STK-2025-KL-00029', 'add 6U O+ (279→285) ', '::ffff:127.0.0.1', 'Info', '2026-03-07 11:18:32');

INSERT INTO `audit_log` (`log_id`, `user_id`, `user_name`, `role`, `action`, `entity`, `entity_id`, `detail`, `ip_address`, `severity`, `created_at`) VALUES
('LOG-2026-6TZC4', 'USR-2025-00006', NULL, 'bloodbank', 'UPDATED', 'Blood_Stock', 'STK-2025-KL-00026', 'add 1U A- (41→42) ', '::ffff:127.0.0.1', 'Info', '2026-03-07 10:43:02'),
('LOG-2026-6YEP8', 'USR-2025-00008', NULL, 'bloodbank', 'REAPPLIED', 'bloodbank', 'BNK-2025-KL-00006', 'User cleared rejected bloodbank application to re-register', '::ffff:127.0.0.1', 'Info', '2026-03-08 17:21:08'),
('LOG-2026-7FVLZ', 'USR-2025-00001', 'Admin Kerala', 'admin', 'LOGIN', 'Users', 'USR-2025-00001', 'Login successful: admin@hema.health', '::ffff:127.0.0.1', 'Info', '2026-03-07 11:23:40'),
('LOG-2026-7L1SO', 'USR-2025-00003', NULL, 'bloodbank', 'UPDATE_STATUS', 'Appointment', 'APT-2026-QGLTS', 'Appointment status updated to Confirmed', '::1', 'Info', '2026-04-01 15:31:13'),
('LOG-2026-7QCJ4', 'USR-2025-00016', 'Priya Menon', 'donor', 'LOGIN', 'Users', 'USR-2025-00016', 'Login successful: priya@gmail.com', '::ffff:127.0.0.1', 'Info', '2026-03-07 12:55:43'),
('LOG-2026-8Q6OY', 'USR-2025-00010', 'Lakeshore Hospital', 'hospital', 'LOGIN', 'Users', 'USR-2025-00010', 'Login successful: admin@lakehosp.in', '::1', 'Info', '2026-03-08 15:50:22'),
('LOG-2026-8RDO8', 'USR-2025-00006', NULL, 'bloodbank', 'PAID', 'Payment', 'PAY-2025-00010', 'Payment ₹1500.00 received from Baby Memorial Hospital', '::ffff:127.0.0.1', 'Info', '2026-03-07 10:44:50'),
('LOG-2026-9616M', 'USR-2025-00015', NULL, 'donor', 'LOGOUT', 'Users', 'USR-2025-00015', 'User logged out', '::ffff:127.0.0.1', 'Info', '2026-03-26 10:07:06'),
('LOG-2026-AEM6H', 'USR-2025-00018', NULL, 'donor', 'LOGOUT', 'Users', 'USR-2025-00018', 'User logged out', '::1', 'Info', '2026-03-07 13:14:46'),
('LOG-2026-AUIYU', 'USR-2025-00001', NULL, 'admin', 'LOGOUT', 'Users', 'USR-2025-00001', 'User logged out', '::ffff:127.0.0.1', 'Info', '2026-03-07 06:40:24'),
('LOG-2026-B5VNV', 'USR-2025-00002', NULL, 'admin', 'APPROVED', 'Hospital', 'HSP-2025-KL-00006', 'Approved Hospital: Palakkad District Hospital', '::ffff:127.0.0.1', 'Info', '2026-03-07 10:23:15'),
('LOG-2026-B7GJY', 'USR-2025-00003', NULL, 'bloodbank', 'LOGOUT', 'Users', 'USR-2025-00003', 'User logged out', '::ffff:127.0.0.1', 'Info', '2026-03-19 14:08:37'),
('LOG-2026-BGA9H', 'USR-2025-00002', 'Admin Kerala', 'admin', 'LOGIN', 'Users', 'USR-2025-00002', 'Login successful: regional@hema.health', '::ffff:127.0.0.1', 'Info', '2026-03-07 09:19:55'),
('LOG-2026-BGKOY', 'USR-2025-00003', NULL, 'bloodbank', 'UPDATED', 'Blood_Stock', 'STK-2025-KL-00008', 'add 2U AB- (8→10) ', '::1', 'Info', '2026-04-02 04:22:13'),
('LOG-2026-BJFW8', 'USR-2025-00016', NULL, 'donor', 'LOGOUT', 'Users', 'USR-2025-00016', 'User logged out', '::ffff:127.0.0.1', 'Info', '2026-03-07 12:56:59'),
('LOG-2026-BS0NF', 'USR-2025-00003', NULL, 'bloodbank', 'UPDATED', 'Blood_Stock', 'STK-2025-KL-00004', 'add 10U B- (28→38) ', '::1', 'Info', '2026-04-02 04:21:53'),
('LOG-2026-CPSD7', 'USR-2025-00003', NULL, 'bloodbank', 'UPDATE_STATUS', 'Appointment', 'APT-2026-S830X', 'Appointment status updated to Fulfilled', '::1', 'Info', '2026-04-01 16:21:48'),
('LOG-2026-CVBX1', 'USR-2025-00001', NULL, 'admin', 'LOGOUT', 'Users', 'USR-2025-00001', 'User logged out', '::ffff:127.0.0.1', 'Info', '2026-03-07 13:13:22'),
('LOG-2026-DO2W8', 'USR-2025-00003', NULL, 'bloodbank', 'UPDATED', 'Blood_Stock', 'STK-2025-KL-00004', 'add 9U B- (19→28) ', '::ffff:127.0.0.1', 'Info', '2026-03-19 13:51:47'),
('LOG-2026-DXJUR', 'USR-2026-JBBEL', 'Meme', 'hospital', 'REGISTERED', 'Hospital', 'HSP-2026-KL-XZ3FY', 'Hospital registration pending: TestHos', '::ffff:127.0.0.1', 'Info', '2026-03-09 14:42:48'),
('LOG-2026-E2RWP', 'USR-2025-00015', NULL, 'donor', 'LOGOUT', 'Users', 'USR-2025-00015', 'User logged out', '::1', 'Info', '2026-03-08 15:49:38'),
('LOG-2026-EZV6W', 'USR-2025-00009', NULL, 'hospital', 'LOGOUT', 'Users', 'USR-2025-00009', 'User logged out', '::ffff:127.0.0.1', 'Info', '2026-03-06 12:11:58'),
('LOG-2026-GGW0O', 'USR-2025-00003', NULL, 'bloodbank', 'UPDATE_STATUS', 'Appointment', 'APT-2026-UDVL6', 'Appointment status updated to Cancelled', '::1', 'Info', '2026-04-01 16:19:57'),
('LOG-2026-GIRXB', 'USR-2025-00003', NULL, 'bloodbank', 'CREATED', 'Blood_Camp', 'CMP-2026-IQJW2', 'Camp scheduled: KMS Camp on 2026-04-03', '::ffff:127.0.0.1', 'Info', '2026-04-02 05:51:47'),
('LOG-2026-GMA2Q', 'USR-2025-00003', NULL, 'bloodbank', 'UPDATE_STATUS', 'Appointment', 'APT-2026-S830X', 'Appointment status updated to Confirmed', '::1', 'Info', '2026-04-01 16:09:51'),
('LOG-2026-GMGY0', 'USR-2025-00001', 'Admin Kerala', 'admin', 'LOGIN', 'Users', 'USR-2025-00001', 'Login successful: admin@hema.health', '::1', 'Info', '2026-03-08 16:02:26'),
('LOG-2026-I8JDA', 'USR-2025-00009', 'KIMS Hospital', 'hospital', 'LOGIN', 'Users', 'USR-2025-00009', 'Login successful: admin@kims.in', '::1', 'Info', '2026-03-07 13:20:24'),
('LOG-2026-IA42A', 'USR-2025-00003', NULL, 'bloodbank', 'APPROVED', 'Blood_Request', 'REQ-2025-00008', 'Request approved: 1U B+', '::1', 'Info', '2026-04-02 04:22:52'),
('LOG-2026-IBH33', 'USR-2025-00015', NULL, 'donor', 'LOGOUT', 'Users', 'USR-2025-00015', 'User logged out', '::ffff:127.0.0.1', 'Info', '2026-03-07 11:23:14'),
('LOG-2026-INR9J', 'USR-2025-00002', NULL, 'admin', 'LOGOUT', 'Users', 'USR-2025-00002', 'User logged out', '::ffff:127.0.0.1', 'Info', '2026-03-06 10:33:03'),
('LOG-2026-J59G3', 'USR-2025-00003', NULL, 'bloodbank', 'ISSUED', 'Blood_Issue', 'ISS-2026-AJQYE', 'Issued 1U B+ to KIMS Hospital', '::ffff:127.0.0.1', 'Info', '2026-03-07 03:44:41'),
('LOG-2026-J65DA', 'USR-2026-JBBEL', NULL, 'hospital', 'LOGOUT', 'Users', 'USR-2026-JBBEL', 'User logged out', '::ffff:127.0.0.1', 'Info', '2026-03-09 14:47:44'),
('LOG-2026-J8A19', 'USR-2025-00009', 'KIMS Hospital', 'hospital', 'LOGIN', 'Users', 'USR-2025-00009', 'Login successful: admin@kims.in', '::ffff:127.0.0.1', 'Info', '2026-03-07 11:22:04'),
('LOG-2026-JV409', 'USR-2025-00001', NULL, 'admin', 'APPROVED', 'Hospital', 'HSP-2025-KL-00005', 'Approved Hospital: Travancore Medical College', '::1', 'Info', '2026-03-08 16:55:48'),
('LOG-2026-JY26B', 'USR-2025-00017', 'Rahul Krishnan', 'donor', 'LOGIN', 'Users', 'USR-2025-00017', 'Login successful: rahul@gmail.com', '::ffff:127.0.0.1', 'Info', '2026-03-07 06:47:10'),
('LOG-2026-JYB43', 'USR-2025-00002', NULL, 'admin', 'LOGOUT', 'Users', 'USR-2025-00002', 'User logged out', '::ffff:127.0.0.1', 'Info', '2026-03-07 10:26:12'),
('LOG-2026-JZ5MI', 'USR-2025-00003', NULL, 'bloodbank', 'LOGOUT', 'Users', 'USR-2025-00003', 'User logged out', '::ffff:127.0.0.1', 'Info', '2026-03-08 15:51:10'),
('LOG-2026-K8PRU', 'USR-2025-00017', NULL, 'donor', 'LOGOUT', 'Users', 'USR-2025-00017', 'User logged out', '::ffff:127.0.0.1', 'Info', '2026-03-07 08:32:49'),
('LOG-2026-K98X9', 'USR-2025-00001', 'Admin Kerala', 'admin', 'LOGIN', 'Users', 'USR-2025-00001', 'Login successful: admin@hema.health', '::ffff:127.0.0.1', 'Info', '2026-03-07 13:02:26'),
('LOG-2026-KQSLV', 'USR-2025-00006', NULL, 'bloodbank', 'CREATED', 'Blood_Camp', 'CMP-2026-90I1V', 'Camp scheduled: Night Camps on 2026-04-10', '::ffff:127.0.0.1', 'Info', '2026-04-08 14:36:00'),
('LOG-2026-KRAM7', 'USR-2025-00003', NULL, 'bloodbank', 'UPDATE_STATUS', 'Appointment', 'APT-2026-QGLTS', 'Appointment status updated to Cancelled', '::1', 'Info', '2026-04-01 15:39:40'),
('LOG-2026-KZEZ7', 'USR-2025-00009', 'KIMS Hospital', 'hospital', 'LOGIN', 'Users', 'USR-2025-00009', 'Login successful: admin@kims.in', '::ffff:127.0.0.1', 'Info', '2026-03-06 11:20:36'),
('LOG-2026-LQS43', 'USR-2025-00012', NULL, 'hospital', 'LOGOUT', 'Users', 'USR-2025-00012', 'User logged out', '::1', 'Info', '2026-04-09 12:16:39'),
('LOG-2026-M47MH', 'USR-2025-00006', NULL, 'bloodbank', 'ISSUED', 'Blood_Issue', 'ISS-2026-P6KVZ', 'Issued 2U A+ to KIMS Hospital', '::ffff:127.0.0.1', 'Info', '2026-03-26 10:17:27'),
('LOG-2026-MC44I', 'USR-2025-00009', 'KIMS Hospital', 'hospital', 'LOGIN', 'Users', 'USR-2025-00009', 'Login successful: admin@kims.in', '::ffff:127.0.0.1', 'Info', '2026-03-06 11:27:47'),
('LOG-2026-MPAOZ', 'USR-2025-00018', NULL, 'donor', 'LOGOUT', 'Users', 'USR-2025-00018', 'User logged out', '::ffff:127.0.0.1', 'Info', '2026-03-06 11:16:34'),
('LOG-2026-N4SI7', 'USR-2025-00003', NULL, 'bloodbank', 'LOGOUT', 'Users', 'USR-2025-00003', 'User logged out', '::ffff:127.0.0.1', 'Info', '2026-03-07 03:52:50'),
('LOG-2026-NAPPT', 'USR-2025-00006', NULL, 'bloodbank', 'APPROVED', 'Blood_Request', 'REQ-2026-JBDPG', 'Request approved: 2U A+', '::ffff:127.0.0.1', 'Info', '2026-03-26 10:16:28'),
('LOG-2026-NDQY3', 'USR-2025-00010', NULL, 'hospital', 'LOGOUT', 'Users', 'USR-2025-00010', 'User logged out', '::ffff:127.0.0.1', 'Info', '2026-03-19 17:06:55'),
('LOG-2026-NRID5', 'USR-2025-00003', 'KIMS Blood Bank', 'bloodbank', 'LOGIN', 'Users', 'USR-2025-00003', 'Login successful: admin@kimsbank.in', '::ffff:127.0.0.1', 'Info', '2026-03-08 16:03:45');

INSERT INTO `audit_log` (`log_id`, `user_id`, `user_name`, `role`, `action`, `entity`, `entity_id`, `detail`, `ip_address`, `severity`, `created_at`) VALUES
('LOG-2026-NYDJ2', 'USR-2025-00001', 'Admin Kerala', 'admin', 'LOGIN', 'Users', 'USR-2025-00001', 'Login successful: admin@hema.health', '::ffff:127.0.0.1', 'Info', '2026-03-07 03:53:25'),
('LOG-2026-O9ID1', 'USR-2025-00003', NULL, 'bloodbank', 'RECALL', 'Donor', 'BNK-2025-KL-00001', 'Recall sent to 0 donors [all Thrissur]', '::ffff:127.0.0.1', 'Info', '2026-03-19 14:08:22'),
('LOG-2026-OFP34', 'USR-2025-00009', NULL, 'hospital', 'LOGOUT', 'Users', 'USR-2025-00009', 'User logged out', '::ffff:127.0.0.1', 'Info', '2026-03-07 11:22:31'),
('LOG-2026-OIRF0', 'USR-2025-00004', NULL, 'bloodbank', 'ISSUED', 'Blood_Issue', 'ISS-2026-8QWD5', 'Issued 2U B- to Lakeshore Hospital', '::ffff:127.0.0.1', 'Info', '2026-04-08 17:41:29'),
('LOG-2026-ON26Q', 'USR-2025-00001', NULL, 'admin', 'REJECTED', 'Blood_Bank', 'BNK-2025-KL-00006', 'Rejected Blood_Bank: Incomplete documentation', '::1', 'Warning', '2026-03-08 16:57:42'),
('LOG-2026-OQCWV', 'USR-2025-00006', NULL, 'bloodbank', 'ISSUED', 'Blood_Issue', 'ISS-2026-PJJQZ', 'Issued 1U AB- to Baby Memorial Hospital', '::ffff:127.0.0.1', 'Info', '2026-03-07 10:43:50'),
('LOG-2026-P712B', 'USR-2025-00009', NULL, 'hospital', 'CREATED', 'Blood_Request', 'REQ-2026-JBDPG', 'Request Urgent: 2U A+ from Kozhikode Medical College Blood Bank', '::ffff:127.0.0.1', 'Info', '2026-03-26 10:09:17'),
('LOG-2026-PDHSV', 'USR-2025-00009', 'KIMS Hospital', 'hospital', 'LOGIN', 'Users', 'USR-2025-00009', 'Login successful: admin@kims.in', '::ffff:127.0.0.1', 'Info', '2026-03-06 11:16:47'),
('LOG-2026-QBTUZ', 'USR-2025-00009', NULL, 'hospital', 'PAID', 'Payment', 'PAY-2026-RAPTI', 'Payment of ₹500.00 to KIMS Blood Bank marked Paid', '::ffff:127.0.0.1', 'Info', '2026-03-06 11:33:32'),
('LOG-2026-QCSLY', 'USR-2025-00009', NULL, 'hospital', 'CREATED', 'Blood_Request', 'REQ-2026-2MNUU', 'Request Urgent: 1U B+ from KIMS Blood Bank', '::ffff:127.0.0.1', 'Info', '2026-03-06 11:29:14'),
('LOG-2026-QE5Z5', 'USR-2025-00014', NULL, 'hospital', 'LOGOUT', 'Users', 'USR-2025-00014', 'User logged out', '::ffff:127.0.0.1', 'Info', '2026-03-07 12:54:54'),
('LOG-2026-QI4H9', 'USR-2025-00015', NULL, 'donor', 'LOGOUT', 'Users', 'USR-2025-00015', 'User logged out', '::ffff:127.0.0.1', 'Info', '2026-03-19 13:43:27'),
('LOG-2026-QOH9A', 'USR-2025-00015', 'Arjun Nair', 'donor', 'LOGIN', 'Users', 'USR-2025-00015', 'Login successful: arjun@gmail.com', '::ffff:127.0.0.1', 'Info', '2026-03-07 11:22:59'),
('LOG-2026-R0EJE', 'USR-2025-00015', 'Arjun Nair', 'donor', 'LOGIN', 'Users', 'USR-2025-00015', 'Login successful: arjun@gmail.com', '::ffff:127.0.0.1', 'Info', '2026-03-19 13:42:28'),
('LOG-2026-RFLC7', 'USR-2025-00003', NULL, 'bloodbank', 'APPROVED', 'Blood_Request', 'REQ-2025-00003', 'Request approved: 3U A+', '::ffff:127.0.0.1', 'Info', '2026-03-07 15:48:11'),
('LOG-2026-RHW1U', 'USR-2025-00003', NULL, 'bloodbank', 'CREATED', 'Blood_Camp', 'CMP-2026-12TNJ', 'Camp scheduled: BB Drive on 2026-04-09', '::1', 'Info', '2026-04-05 14:39:47'),
('LOG-2026-SP8CF', 'USR-2025-00010', NULL, 'hospital', 'LOGOUT', 'Users', 'USR-2025-00010', 'User logged out', '::1', 'Info', '2026-03-08 15:50:49'),
('LOG-2026-T6IQX', 'USR-2025-00003', 'KIMS Blood Bank', 'bloodbank', 'LOGIN', 'Users', 'USR-2025-00003', 'Login successful: admin@kimsbank.in', '::ffff:127.0.0.1', 'Info', '2026-03-07 13:14:34'),
('LOG-2026-T8TD2', 'USR-2026-JBBEL', NULL, 'hospital', 'REAPPLIED', 'hospital', 'HSP-2026-KL-XZ3FY', 'User cleared rejected hospital application to re-register', '::ffff:127.0.0.1', 'Info', '2026-03-09 14:50:01'),
('LOG-2026-T9Y24', 'USR-2025-00006', NULL, 'bloodbank', 'LOGOUT', 'Users', 'USR-2025-00006', 'User logged out', '::ffff:127.0.0.1', 'Info', '2026-03-26 11:15:04'),
('LOG-2026-TNK5R', 'USR-2025-00001', NULL, 'admin', 'LOGOUT', 'Users', 'USR-2025-00001', 'User logged out', '::ffff:127.0.0.1', 'Info', '2026-03-07 12:14:34'),
('LOG-2026-TTTJM', 'USR-2025-00003', 'KIMS Blood Bank', 'bloodbank', 'LOGIN', 'Users', 'USR-2025-00003', 'Login successful: admin@kimsbank.in', '::ffff:127.0.0.1', 'Info', '2026-03-19 13:47:18'),
('LOG-2026-TUUP9', 'USR-2025-00009', NULL, 'hospital', 'PAID', 'Payment', 'PAY-2026-D7ATV', 'Payment of ₹1000.00 to Kozhikode Medical College Blood Bank marked Paid', '::ffff:127.0.0.1', 'Info', '2026-03-26 11:02:06'),
('LOG-2026-UG6L4', 'USR-2025-00018', 'Deepa Pillai', 'donor', 'LOGIN', 'Users', 'USR-2025-00018', 'Login successful: deepa@gmail.com', '::1', 'Info', '2026-03-07 12:18:38'),
('LOG-2026-UHVD1', 'USR-2025-00010', 'Lakeshore Hospital', 'hospital', 'LOGIN', 'Users', 'USR-2025-00010', 'Login successful: admin@lakehosp.in', '::ffff:127.0.0.1', 'Info', '2026-03-19 14:09:13'),
('LOG-2026-UVZ75', 'USR-2025-00001', 'Admin Kerala', 'admin', 'LOGIN', 'Users', 'USR-2025-00001', 'Login successful: admin@hema.health', '::ffff:127.0.0.1', 'Info', '2026-03-19 13:44:42'),
('LOG-2026-V32P0', 'USR-2025-00015', 'Arjun Nair', 'donor', 'LOGIN', 'Users', 'USR-2025-00015', 'Login successful: arjun@gmail.com', '::1', 'Info', '2026-03-08 15:48:03'),
('LOG-2026-W9T6F', 'USR-2025-00015', NULL, 'donor', 'LOGOUT', 'Users', 'USR-2025-00015', 'User logged out', '::ffff:127.0.0.1', 'Info', '2026-03-07 09:05:37'),
('LOG-2026-WOFVJ', 'USR-2026-JBBEL', 'TestHos', 'hospital', 'LOGIN', 'Users', 'USR-2026-JBBEL', 'Login successful: test-reapply@hema.health', '::ffff:127.0.0.1', 'Info', '2026-03-09 14:47:08'),
('LOG-2026-WQ60K', 'USR-2025-00003', NULL, 'bloodbank', 'RECALL', 'Donor', 'BNK-2025-KL-00001', 'Recall sent to 0 donors [A+ Palakkad]', '::ffff:127.0.0.1', 'Info', '2026-03-19 14:08:10'),
('LOG-2026-WWW2A', 'USR-2025-00009', NULL, 'hospital', 'LOGOUT', 'Users', 'USR-2025-00009', 'User logged out', '::ffff:127.0.0.1', 'Info', '2026-04-01 15:00:56'),
('LOG-2026-WY65I', 'USR-2025-00003', 'KIMS Blood Bank', 'bloodbank', 'LOGIN', 'Users', 'USR-2025-00003', 'Login successful: admin@kimsbank.in', '::ffff:127.0.0.1', 'Info', '2026-03-06 13:00:25'),
('LOG-2026-XO4VU', 'USR-2025-00003', NULL, 'bloodbank', 'LOGOUT', 'Users', 'USR-2025-00003', 'User logged out', '::ffff:127.0.0.1', 'Info', '2026-03-08 16:06:55'),
('LOG-2026-Y1WZD', 'USR-2025-00017', 'Rahul Krishnan', 'donor', 'LOGIN', 'Users', 'USR-2025-00017', 'Login successful: rahul@gmail.com', '::ffff:127.0.0.1', 'Info', '2026-03-06 10:44:39'),
('LOG-2026-YIFX4', 'USR-2025-00009', NULL, 'hospital', 'LOGOUT', 'Users', 'USR-2025-00009', 'User logged out', '::ffff:127.0.0.1', 'Info', '2026-03-08 16:28:20'),
('LOG-2026-YIG6H', 'USR-2025-00006', NULL, 'bloodbank', 'PAID', 'Payment', 'PAY-2025-00012', 'Payment ₹1000.00 received from Baby Memorial Hospital', '::ffff:127.0.0.1', 'Info', '2026-03-07 10:45:18'),
('LOG-2026-YTOY3', 'USR-2025-00001', 'Admin Kerala', 'admin', 'LOGIN', 'Users', 'USR-2025-00001', 'Login successful: admin@hema.health', '::ffff:127.0.0.1', 'Info', '2026-03-08 15:51:22'),
('LOG-2026-Z5Q91', 'USR-2025-00002', NULL, 'admin', 'APPROVED', 'Blood_Bank', 'BNK-2025-KL-00005', 'Approved Blood_Bank: Kollam District Blood Bank', '::1', 'Info', '2026-04-09 13:27:55'),
('LOG-2026-ZV8ON', 'USR-2025-00004', NULL, 'bloodbank', 'CREATED', 'Blood_Camp', 'CMP-2026-J9TDV', 'Camp scheduled: Life for ALL on 2026-04-15', '::ffff:127.0.0.1', 'Info', '2026-04-09 06:37:14'),
('LOG-2026-ZWBKN', 'USR-2025-00003', NULL, 'bloodbank', 'ISSUED', 'Blood_Issue', 'ISS-2026-2LGLF', 'Issued 3U A+ to KIMS Hospital', '::ffff:127.0.0.1', 'Info', '2026-03-07 15:48:21');

-- TABLE: blood_bank
INSERT INTO `blood_bank` (`bank_id`, `bank_name`, `city`, `contact_number`, `naco_number`, `license_number`, `storage_capacity`, `operating_hours`, `status`, `created_at`, `updated_at`, `rejection_reason`, `is_deleted`) VALUES
('BNK-2025-KL-00001', 'KIMS Blood Bank', 'Thiruvananthapuram', '+91 471 300 1234', 'NACO-KL-2025-00001', 'KHD-BL-2025-0001', 2000, 'Mon-Sat 8am-8pm, Sun 9am-1pm', 'Active', '2026-03-06 10:29:11', '2026-03-06 10:29:11', NULL, 0),
('BNK-2025-KL-00002', 'Lakeshore Blood Centre', 'Ernakulam', '+91 484 270 5678', 'NACO-KL-2025-00002', 'KHD-BL-2025-0002', 2000, 'Mon-Sun 7am-9pm', 'Active', '2026-03-06 10:29:11', '2026-04-08 17:42:00', NULL, 0),
('BNK-2025-KL-00003', 'Thrissur Red Cross Blood Bank', 'Thrissur', '+91 487 233 9012', 'NACO-KL-2025-00003', 'KHD-BL-2025-0003', 1200, 'Mon-Fri 9am-5pm, Sat 9am-2pm', 'Active', '2026-03-06 10:29:11', '2026-03-06 10:29:11', NULL, 0),
('BNK-2025-KL-00004', 'Kozhikode Medical College Blood Bank', 'Kozhikode', '+91 495 235 3456', 'NACO-KL-2025-00004', 'KHD-BL-2025-0004', 1500, 'Mon-Sun 24 Hours', 'Active', '2026-03-06 10:29:11', '2026-03-06 10:29:11', NULL, 0),
('BNK-2025-KL-00005', 'Kollam District Blood Bank', 'Kollam', '+91 474 275 7890', 'NACO-KL-2025-00005', 'KHD-BL-2025-0005', 800, 'Mon-Sat 9am-6pm', 'Active', '2026-03-06 10:29:11', '2026-04-09 13:27:55', NULL, 0);

-- TABLE: blood_camp
INSERT INTO `blood_camp` (`camp_id`, `bank_id`, `camp_name`, `location`, `city`, `camp_date`, `start_time`, `end_time`, `contact_person`, `contact_number`, `description`, `status`, `created_at`, `updated_at`) VALUES
('CMP-2026-12TNJ', 'BNK-2025-KL-00001', 'BB Drive', 'Central Hall', 'Idukki', '2026-04-08 18:30:00', '08:00:00', '12:00:00', NULL, NULL, '', 'Scheduled', '2026-04-05 14:39:46', '2026-04-05 14:39:46'),
('CMP-2026-90I1V', 'BNK-2025-KL-00004', 'Night Camps', 'Inside L-108 Camp', 'Kasaragod', '2026-04-09 18:30:00', '19:00:00', '14:00:00', NULL, NULL, '', 'Scheduled', '2026-04-08 14:36:00', '2026-04-08 14:36:00'),
('CMP-2026-IQJW2', 'BNK-2025-KL-00001', 'KMS Camp', 'Hall 3', 'Ernakulam', '2026-04-02 18:30:00', '09:00:00', '06:00:00', NULL, NULL, '', 'Scheduled', '2026-04-02 05:51:47', '2026-04-02 05:51:47'),
('CMP-2026-J9TDV', 'BNK-2025-KL-00002', 'Life for ALL', 'Community Room', 'Palakkad', '2026-04-14 18:30:00', '11:00:00', '18:00:00', NULL, NULL, '', 'Scheduled', '2026-04-09 06:37:14', '2026-04-09 06:37:14');

-- TABLE: blood_issue
INSERT INTO `blood_issue` (`issue_id`, `request_id`, `issue_date`, `units_issued`, `status`, `notes`, `created_at`) VALUES
('ISS-2025-00001', 'REQ-2025-00001', '2026-03-02 18:30:00', 2,'Delivered', 'Issued for cardiac emergency', '2026-03-06 10:29:11'),
('ISS-2025-00002', 'REQ-2025-00002', '2026-03-04 18:30:00', 1,'Delivered', 'Post-delivery transfusion', '2026-03-06 10:29:11'),
('ISS-2025-00003', 'REQ-2025-00004', '2026-03-03 18:30:00', 2,'Delivered', 'Orthopaedic surgery support', '2026-03-06 10:29:11'),
('ISS-2025-00004', 'REQ-2025-00007', '2026-03-03 18:30:00', 2,'Delivered', 'Routine gynaecology', '2026-03-06 10:29:11'),
('ISS-2026-2LGLF', 'REQ-2025-00003', '2026-03-06 18:30:00', 3,'Delivered', NULL, '2026-03-07 15:48:21'),
('ISS-2026-8QWD5', 'REQ-2025-00005', '2026-04-07 18:30:00', 2,'Dispatched', NULL, '2026-04-08 17:41:29'),
('ISS-2026-AJQYE', 'REQ-2026-2MNUU', '2026-03-06 18:30:00', 1,'Delivered', NULL, '2026-03-07 03:44:41'),
('ISS-2026-P6KVZ', 'REQ-2026-JBDPG', '2026-03-25 18:30:00', 2,'Delivered', NULL, '2026-03-26 10:17:26'),
('ISS-2026-PJJQZ', 'REQ-2025-00010', '2026-03-06 18:30:00', 1,'Delivered', NULL, '2026-03-07 10:43:50'),
('ISS-2026-VTB2I', 'REQ-2025-00014', '2026-03-06 18:30:00', 2,'Delivered', NULL, '2026-03-07 10:43:30');

-- TABLE: blood_request
INSERT INTO `blood_request` (`request_id`, `hospital_id`, `patient_id`, `bank_id`, `blood_group`, `units_required`, `request_date`, `status`, `priority`, `notes`, `created_at`, `updated_at`) VALUES
('REQ-2025-00001', 'HSP-2025-KL-00001', 'PAT-2025-00001', 'BNK-2025-KL-00001', 'B+', 2, '2026-03-01 18:30:00', 'Fulfilled', 'Emergency', NULL, '2026-03-06 10:29:11', '2026-03-06 10:29:11'),
('REQ-2025-00002', 'HSP-2025-KL-00001', 'PAT-2025-00002', 'BNK-2025-KL-00002', 'O+', 1, '2026-03-03 18:30:00', 'Fulfilled', 'Routine', NULL, '2026-03-06 10:29:11', '2026-03-06 10:29:11'),
('REQ-2025-00003', 'HSP-2025-KL-00001', 'PAT-2025-00003', 'BNK-2025-KL-00001', 'A+', 3, '2026-03-04 18:30:00', 'Fulfilled', 'Urgent', 'Pre-surgery requirement', '2026-03-06 10:29:11', '2026-03-07 15:48:21'),
('REQ-2025-00004', 'HSP-2025-KL-00002', 'PAT-2025-00005', 'BNK-2025-KL-00001', 'O-', 2, '2026-03-02 18:30:00', 'Fulfilled', 'Urgent', NULL, '2026-03-06 10:29:11', '2026-03-06 10:29:11'),
('REQ-2025-00005', 'HSP-2025-KL-00002', 'PAT-2025-00006', 'BNK-2025-KL-00002', 'B-', 2, '2026-03-05 18:30:00', 'Fulfilled', 'Emergency', 'Urgent surgery tonight', '2026-03-06 10:29:11', '2026-04-08 17:41:29'),
('REQ-2025-00006', 'HSP-2025-KL-00002', 'PAT-2025-00007', 'BNK-2025-KL-00003', 'A+', 1, '2026-03-05 18:30:00', 'Pending', 'Routine', NULL, '2026-03-06 10:29:11', '2026-03-06 10:29:11'),
('REQ-2025-00007', 'HSP-2025-KL-00003', 'PAT-2025-00008', 'BNK-2025-KL-00003', 'O+', 2, '2026-03-02 18:30:00', 'Fulfilled', 'Routine', NULL, '2026-03-06 10:29:11', '2026-03-06 10:29:11'),
('REQ-2025-00008', 'HSP-2025-KL-00003', 'PAT-2025-00009', 'BNK-2025-KL-00001', 'B+', 1, '2026-03-05 18:30:00', 'Processing', 'Routine', NULL, '2026-03-06 10:29:11', '2026-04-02 04:22:52'),
('REQ-2025-00009', 'HSP-2025-KL-00003', 'PAT-2025-00010', 'BNK-2025-KL-00002', 'A-', 2, '2026-03-05 18:30:00', 'Pending', 'Emergency', 'Cardiac surgery emergency', '2026-03-06 10:29:11', '2026-03-06 10:29:11'),
('REQ-2025-00010', 'HSP-2025-KL-00004', 'PAT-2025-00011', 'BNK-2025-KL-00004', 'AB-', 3, '2026-03-05 18:30:00', 'Fulfilled', 'Emergency', 'Trauma patient — critical', '2026-03-06 10:29:11', '2026-03-07 10:43:50'),
('REQ-2025-00011', 'HSP-2025-KL-00004', 'PAT-2025-00012', 'BNK-2025-KL-00004', 'O+', 1, '2026-03-05 18:30:00', 'Pending', 'Routine', NULL, '2026-03-06 10:29:11', '2026-03-06 10:29:11'),
('REQ-2025-00012', 'HSP-2025-KL-00001', 'PAT-2025-00001', 'BNK-2025-KL-00003', 'O+', 1, '2026-02-23 18:30:00', 'Cancelled', 'Routine', 'Cancelled: found elsewhere', '2026-03-06 10:29:11', '2026-03-06 10:29:11'),
('REQ-2025-00013', 'HSP-2025-KL-00002', 'PAT-2025-00005', 'BNK-2025-KL-00003', 'A+', 1, '2026-02-25 18:30:00', 'Cancelled', 'Routine', 'Duplicate request', '2026-03-06 10:29:11', '2026-03-06 10:29:11'),
('REQ-2025-00014', 'HSP-2025-KL-00004', 'PAT-2025-00011', 'BNK-2025-KL-00004', 'O+', 2, '2026-02-28 18:30:00', 'Fulfilled', 'Urgent', NULL, '2026-03-06 10:29:11', '2026-03-07 10:43:30'),
('REQ-2026-2MNUU', 'HSP-2025-KL-00001', 'PAT-2025-00001', 'BNK-2025-KL-00001', 'B+', 1, '2026-03-05 18:30:00', 'Fulfilled', 'Urgent', NULL, '2026-03-06 11:29:14', '2026-03-07 03:44:41'),
('REQ-2026-JBDPG', 'HSP-2025-KL-00001', 'PAT-2025-00003', 'BNK-2025-KL-00004', 'A+', 2, '2026-03-25 18:30:00', 'Fulfilled', 'Urgent', NULL, '2026-03-26 10:09:17', '2026-03-26 10:17:26');

-- TABLE: blood_stock
INSERT INTO `blood_stock` (`stock_id`, `bank_id`, `blood_group`, `available_units`, `capacity`, `last_updated`) VALUES
('STK-2025-KL-00001', 'BNK-2025-KL-00001', 'A+', 177, 300, '2026-03-07 15:48:21'),
('STK-2025-KL-00002', 'BNK-2025-KL-00001', 'A-', 22, 100, '2026-03-06 10:29:11'),
('STK-2025-KL-00003', 'BNK-2025-KL-00001', 'B+', 208, 300, '2026-03-07 03:44:41'),
('STK-2025-KL-00004', 'BNK-2025-KL-00001', 'B-', 38, 80, '2026-04-02 04:21:53'),
('STK-2025-KL-00005', 'BNK-2025-KL-00001', 'O+', 242, 400, '2026-03-06 10:29:11'),
('STK-2025-KL-00006', 'BNK-2025-KL-00001', 'O-', 10, 100, '2026-03-06 10:29:11'),
('STK-2025-KL-00007', 'BNK-2025-KL-00001', 'AB+', 95, 150, '2026-03-06 10:29:11'),
('STK-2025-KL-00008', 'BNK-2025-KL-00001', 'AB-', 10, 60, '2026-04-02 04:22:13'),
('STK-2025-KL-00009', 'BNK-2025-KL-00002', 'A+', 155, 250, '2026-03-06 10:29:11'),
('STK-2025-KL-00010', 'BNK-2025-KL-00002', 'A-', 36, 100, '2026-03-06 10:29:11'),
('STK-2025-KL-00011', 'BNK-2025-KL-00002', 'B+', 190, 300, '2026-03-06 10:29:11'),
('STK-2025-KL-00012', 'BNK-2025-KL-00002', 'B-', 36, 80, '2026-04-09 11:16:26'),
('STK-2025-KL-00013', 'BNK-2025-KL-00002', 'O+', 310, 400, '2026-03-06 10:29:11'),
('STK-2025-KL-00014', 'BNK-2025-KL-00002', 'O-', 45, 120, '2026-03-06 10:29:11'),
('STK-2025-KL-00015', 'BNK-2025-KL-00002', 'AB+', 73, 150, '2026-03-06 10:29:11'),
('STK-2025-KL-00016', 'BNK-2025-KL-00002', 'AB-', 11, 60, '2026-03-06 10:29:11'),
('STK-2025-KL-00017', 'BNK-2025-KL-00003', 'A+', 89, 200, '2026-03-06 10:29:11'),
('STK-2025-KL-00018', 'BNK-2025-KL-00003', 'A-', 9, 80, '2026-03-06 10:29:11'),
('STK-2025-KL-00019', 'BNK-2025-KL-00003', 'B+', 121, 200, '2026-03-06 10:29:11'),
('STK-2025-KL-00020', 'BNK-2025-KL-00003', 'B-', 7, 60, '2026-03-06 10:29:11'),
('STK-2025-KL-00021', 'BNK-2025-KL-00003', 'O+', 143, 250, '2026-03-06 10:29:11'),
('STK-2025-KL-00022', 'BNK-2025-KL-00003', 'O-', 7, 80, '2026-03-06 10:29:11'),
('STK-2025-KL-00023', 'BNK-2025-KL-00003', 'AB+', 44, 100, '2026-03-06 10:29:11'),
('STK-2025-KL-00024', 'BNK-2025-KL-00003', 'AB-', 3, 40, '2026-03-06 10:29:11'),
('STK-2025-KL-00025', 'BNK-2025-KL-00004', 'A+', 198, 250, '2026-03-26 10:17:26'),
('STK-2025-KL-00026', 'BNK-2025-KL-00004', 'A-', 42, 100, '2026-03-07 10:43:02'),
('STK-2025-KL-00027', 'BNK-2025-KL-00004', 'B+', 175, 250, '2026-03-06 10:29:11'),
('STK-2025-KL-00028', 'BNK-2025-KL-00004', 'B-', 22, 80, '2026-03-06 10:29:11'),
('STK-2025-KL-00029', 'BNK-2025-KL-00004', 'O+', 285, 350, '2026-03-07 11:18:32'),
('STK-2025-KL-00030', 'BNK-2025-KL-00004', 'O-', 34, 100, '2026-03-06 10:29:11'),
('STK-2025-KL-00031', 'BNK-2025-KL-00004', 'AB+', 88, 120, '2026-03-06 10:29:11'),
('STK-2025-KL-00032', 'BNK-2025-KL-00004', 'AB-', 13, 50, '2026-03-07 10:43:50');

-- TABLE: camp_rsvp
INSERT INTO `camp_rsvp` (`rsvp_id`, `camp_id`, `donor_id`, `status`, `created_at`, `updated_at`) VALUES
('RSV-2026-G59IV', 'CMP-2026-IQJW2', 'DNR-2025-00001', 'Going', '2026-04-02 05:58:21', '2026-04-02 05:58:21'),
('RSV-2026-OS13S', 'CMP-2026-12TNJ', 'DNR-2025-00001', 'Going', '2026-04-06 12:54:24', '2026-04-06 12:54:24');

-- TABLE: donation_record
INSERT INTO `donation_record` (`donation_id`, `donor_id`, `bank_id`, `check_id`, `donation_date`, `quantity_ml`, `blood_group`, `created_at`) VALUES
('DON-2025-00001', 'DNR-2025-00001', 'BNK-2025-KL-00001', 'HC-2025-00001', '2024-03-09 18:30:00', 450, 'O+', '2026-03-06 10:29:11'),
('DON-2025-00002', 'DNR-2025-00001', 'BNK-2025-KL-00002', 'HC-2025-00002', '2024-06-19 18:30:00', 450, 'O+', '2026-03-06 10:29:11'),
('DON-2025-00003', 'DNR-2025-00001', 'BNK-2025-KL-00001', 'HC-2025-00003', '2024-09-19 18:30:00', 450, 'O+', '2026-03-06 10:29:11'),
('DON-2025-00004', 'DNR-2025-00003', 'BNK-2025-KL-00003', 'HC-2025-00005', '2024-10-31 18:30:00', 450, 'B+', '2026-03-06 10:29:11'),
('DON-2025-00005', 'DNR-2025-00003', 'BNK-2025-KL-00001', 'HC-2025-00006', '2026-01-19 18:30:00', 450, 'B+', '2026-03-06 10:29:11'),
('DON-2025-00006', 'DNR-2025-00004', 'BNK-2025-KL-00002', 'HC-2025-00008', '2025-11-30 18:30:00', 350, 'AB+', '2026-03-06 10:29:11'),
('DON-2025-00007', 'DNR-2025-00005', 'BNK-2025-KL-00004', 'HC-2025-00009', '2026-02-03 18:30:00', 450, 'O-', '2026-03-06 10:29:11'),
('DON-2025-00008', 'DNR-2025-00006', 'BNK-2025-KL-00003', 'HC-2025-00010', '2024-08-09 18:30:00', 300, 'B-', '2026-03-06 10:29:11'),
('DON-2025-00009', 'DNR-2025-00006', 'BNK-2025-KL-00001', 'HC-2025-00011', '2025-12-04 18:30:00', 350, 'B-', '2026-03-06 10:29:11'),
('DON-2025-00010', 'DNR-2025-00007', 'BNK-2025-KL-00002', 'HC-2025-00012', '2025-11-05 18:30:00', 450, 'A-', '2026-03-06 10:29:11'),
('DON-2025-00011', 'DNR-2025-00009', 'BNK-2025-KL-00004', 'HC-2025-00013', '2026-01-04 18:30:00', 450, 'O+', '2026-03-06 10:29:11'),
('DON-2025-00012', 'DNR-2025-00010', 'BNK-2025-KL-00003', 'HC-2025-00015', '2025-09-06 18:30:00', 450, 'A+', '2026-03-06 10:29:11');

-- TABLE: donor
INSERT INTO `donor` (`donor_id`, `name`, `age`, `gender`, `blood_group`, `phone`, `city`, `last_donation_date`, `created_at`, `updated_at`, `is_deleted`) VALUES
('DNR-2025-00001', 'Arjun Nair', 28, 'Male', 'O+', '+91 94471 11111', 'Ernakulam', '2024-09-19 18:30:00', '2026-03-06 10:29:11', '2026-04-02 04:32:20', 0),
('DNR-2025-00002', 'Priya Menon', 23, 'Female', 'A+', '+91 94471 22222', 'Thiruvananthapuram', NULL, '2026-03-06 10:29:11', '2026-03-07 12:56:05', 0),
('DNR-2025-00003', 'Rahul Krishnan', 32, 'Male', 'B+', '+91 94471 33333', 'Thrissur', '2026-01-19 18:30:00', '2026-03-06 10:29:11', '2026-03-07 06:55:17', 0),
('DNR-2025-00004', 'Deepa Pillai', 27, 'Female', 'AB+', '+91 94471 44445', 'Kozhikode', '2025-11-30 18:30:00', '2026-03-06 10:29:11', '2026-03-07 12:40:26', 0),
('DNR-2025-00005', 'Vishnu Kumar', 35, 'Male', 'O-', '+91 94471 55555', 'Ernakulam', '2026-02-03 18:30:00', '2026-03-06 10:29:11', '2026-03-06 10:29:11', 0),
('DNR-2025-00006', 'Anjali Thomas', 22, 'Female', 'B-', '+91 94471 66666', 'Thiruvananthapuram', '2025-12-04 18:30:00', '2026-03-06 10:29:11', '2026-03-06 10:29:11', 0),
('DNR-2025-00007', 'Sreekanth Varma', 40, 'Male', 'A-', '+91 94471 77777', 'Thrissur', '2025-11-05 18:30:00', '2026-03-06 10:29:11', '2026-03-06 10:29:11', 0),
('DNR-2025-00008', 'Meera Suresh', 29, 'Female', 'AB-', '+91 94471 88888', 'Kozhikode', NULL, '2026-03-06 10:29:11', '2026-03-06 10:29:11', 0),
('DNR-2025-00009', 'Arun Babu', 38, 'Male', 'O+', '+91 94471 99999', 'Kollam', '2026-01-04 18:30:00', '2026-03-06 10:29:11', '2026-03-06 10:29:11', 0),
('DNR-2025-00010', 'Neethu George', 26, 'Female', 'A+', '+91 94471 10101', 'Palakkad', '2025-09-06 18:30:00', '2026-03-06 10:29:11', '2026-03-06 10:29:11', 0);

-- TABLE: health_check
INSERT INTO `health_check` (`check_id`, `donor_id`, `check_date`, `weight`, `hemoglobin`, `blood_pressure`, `pulse`, `temperature`, `eligibility_status`, `deferred_reason`, `medical_notes`, `created_at`) VALUES
('HC-2025-00001', 'DNR-2025-00001', '2024-03-09 18:30:00', '74.00', '15.10', '122/80', 72, '36.6', 'Eligible', NULL, NULL, '2026-03-06 10:29:11'),
('HC-2025-00002', 'DNR-2025-00001', '2024-06-19 18:30:00', '73.50', '14.80', '118/78', 72, '36.6', 'Eligible', NULL, NULL, '2026-03-06 10:29:11'),
('HC-2025-00003', 'DNR-2025-00001', '2024-09-19 18:30:00', '75.00', '15.20', '120/80', 72, '36.6', 'Eligible', NULL, NULL, '2026-03-06 10:29:11'),
('HC-2025-00004', 'DNR-2025-00002', '2025-01-04 18:30:00', '58.00', '13.20', '110/70', 72, '36.6', 'Eligible', NULL, NULL, '2026-03-06 10:29:11'),
('HC-2025-00005', 'DNR-2025-00003', '2024-10-31 18:30:00', '82.00', '16.00', '124/82', 72, '36.6', 'Eligible', NULL, NULL, '2026-03-06 10:29:11'),
('HC-2025-00006', 'DNR-2025-00003', '2026-01-19 18:30:00', '80.00', '15.80', '122/80', 72, '36.6', 'Eligible', NULL, NULL, '2026-03-06 10:29:11'),
('HC-2025-00007', 'DNR-2025-00004', '2024-07-14 18:30:00', '55.00', '12.10', '108/68', 72, '36.6', 'Deferred', 'Low hemoglobin levels', NULL, '2026-03-06 10:29:11'),
('HC-2025-00008', 'DNR-2025-00004', '2025-11-30 18:30:00', '57.00', '13.00', '112/72', 72, '36.6', 'Eligible', NULL, NULL, '2026-03-06 10:29:11'),
('HC-2025-00009', 'DNR-2025-00005', '2026-02-03 18:30:00', '88.00', '16.50', '128/84', 72, '36.6', 'Eligible', NULL, NULL, '2026-03-06 10:29:11'),
('HC-2025-00010', 'DNR-2025-00006', '2024-08-09 18:30:00', '52.00', '12.80', '110/70', 72, '36.6', 'Eligible', NULL, NULL, '2026-03-06 10:29:11'),
('HC-2025-00011', 'DNR-2025-00006', '2025-12-04 18:30:00', '53.00', '13.10', '112/72', 72, '36.6', 'Eligible', NULL, NULL, '2026-03-06 10:29:11'),
('HC-2025-00012', 'DNR-2025-00007', '2025-11-05 18:30:00', '78.00', '14.90', '126/82', 72, '36.6', 'Eligible', NULL, NULL, '2026-03-06 10:29:11'),
('HC-2025-00013', 'DNR-2025-00009', '2026-01-04 18:30:00', '85.00', '15.50', '120/78', 72, '36.6', 'Eligible', NULL, NULL, '2026-03-06 10:29:11'),
('HC-2025-00014', 'DNR-2025-00010', '2024-05-31 18:30:00', '62.00', '13.80', '114/74', 72, '36.6', 'Eligible', NULL, NULL, '2026-03-06 10:29:11'),
('HC-2025-00015', 'DNR-2025-00010', '2025-09-06 18:30:00', '63.00', '14.00', '116/76', 72, '36.6', 'Eligible', NULL, NULL, '2026-03-06 10:29:11');

-- TABLE: hospital
INSERT INTO `hospital` (`hospital_id`, `hospital_name`, `city`, `contact_number`, `beds`, `status`, `created_at`, `updated_at`, `rejection_reason`, `is_deleted`) VALUES
('HSP-2025-KL-00001', 'KIMS Hospital', 'Thiruvananthapuram', '+91 471 340 1000', 649, 'Active', '2026-03-06 10:29:11', '2026-03-06 11:28:32', NULL, 0),
('HSP-2025-KL-00002', 'Lakeshore Hospital', 'Ernakulam', '+91 484 270 2000', 480, 'Active', '2026-03-06 10:29:11', '2026-03-06 10:29:11', NULL, 0),
('HSP-2025-KL-00003', 'Jubilee Mission Hospital', 'Thrissur', '+91 487 242 3000', 350, 'Active', '2026-03-06 10:29:11', '2026-03-06 10:29:11', NULL, 0),
('HSP-2025-KL-00004', 'Baby Memorial Hospital', 'Kozhikode', '+91 495 276 4000', 300, 'Active', '2026-03-06 10:29:11', '2026-03-06 10:29:11', NULL, 0),
('HSP-2025-KL-00005', 'Travancore Medical College', 'Kollam', '+91 474 274 5000', 200, 'Active', '2026-03-06 10:29:11', '2026-03-08 16:55:48', NULL, 0),
('HSP-2025-KL-00006', 'Palakkad District Hospital', 'Palakkad', '+91 491 505 6000', 180, 'Active', '2026-03-06 10:29:11', '2026-03-07 12:49:33', NULL, 0),
('HSP-2026-KL-YZZJ4', 'test.hosp@hema.health', 'Idukki', '9187044320', 105, 'Rejected', '2026-03-09 02:17:08', '2026-03-09 02:19:53', NULL, 0);

-- TABLE: notification
INSERT INTO `notification` (`notification_id`, `user_id`, `role`, `type`, `title`, `message`, `link`, `is_read`, `priority`, `created_at`, `read_at`) VALUES
('NOTIF-2025-001', 'USR-2025-00015', 'donor', 'eligibility_restored', 'You are eligible to donate!', 'Your 90-day cooling period is over. You can now save lives again.', '/donor/schedule', 0, 'normal', '2026-03-07 11:12:59', NULL),
('NOTIF-2025-002', 'USR-2025-00015', 'donor', 'donation_recorded', 'Donation successful', 'Thank you for donating 450ml of O+ blood at KIMS Blood Bank.', '/donor/donations', 1, 'normal', '2026-03-07 11:12:59', NULL),
('NOTIF-2025-003', 'USR-2025-00015', 'donor', 'health_check_result', 'Health check recorded', 'Your recent health check shows you are in good condition.', '/donor/health-check', 0, 'normal', '2026-03-07 11:12:59', NULL),
('NOTIF-2025-004', 'USR-2025-00015', 'donor', 'recall_request', 'O+ Blood urgently needed', 'A critical shortage of O+ has been reported near your location.', '/donor/find-bank', 0, 'critical', '2026-03-07 11:12:59', NULL),
('NOTIF-2025-005', 'USR-2025-00015', 'donor', 'badge_earned', 'New Badge Unlocked!', 'Congratulations! You earned the Bronze Donor badge.', '/donor/profile', 1, 'high', '2026-03-07 11:12:59', NULL),
('NOTIF-2025-006', 'USR-2025-00009', 'hospital', 'request_processing', 'Request processing', 'Your request for 2U of B+ is being processed by KIMS Blood Bank.', '/hospital/requests', 1, 'normal', '2026-03-07 11:12:59', NULL),
('NOTIF-2025-007', 'USR-2025-00009', 'hospital', 'request_approved', 'Request Approved', 'Your request for 2U of B+ has been approved.', '/hospital/requests', 0, 'high', '2026-03-07 11:12:59', NULL),
('NOTIF-2025-008', 'USR-2025-00009', 'hospital', 'blood_issued', 'Blood Units Issued', 'KIMS Blood Bank has issued 2 units of B+ blood for your patient.', '/hospital/requests', 0, 'normal', '2026-03-07 11:12:59', NULL),
('NOTIF-2025-009', 'USR-2025-00009', 'hospital', 'payment_due', 'Payment pending', 'Payment of ₹1500 is pending for recent blood issues.', '/hospital/payments', 0, 'high', '2026-03-07 11:12:59', NULL),
('NOTIF-2025-010', 'USR-2025-00009', 'hospital', 'payment_confirmed', 'Payment received', 'Thank you! Your payment of ₹1000 was successful.', '/hospital/payments', 1, 'normal', '2026-03-07 11:12:59', NULL),
('NOTIF-2025-011', 'USR-2025-00003', 'bloodbank', 'emergency_request_received', 'EMERGENCY REQUEST', 'KIMS Hospital has raised an emergency request for 2U B+.', '/bloodbank/requests', 0, 'critical', '2026-03-07 11:12:59', NULL),
('NOTIF-2025-012', 'USR-2025-00003', 'bloodbank', 'stock_critical', 'Low Stock Alert for B-', 'Your stock of B- is critically low (18 units).', '/bloodbank/inventory', 0, 'high', '2026-03-07 11:12:59', NULL),
('NOTIF-2025-013', 'USR-2025-00003', 'bloodbank', 'new_request_received', 'New Routine Request', 'Lakeshore Hospital requested 1U O+.', '/bloodbank/requests', 1, 'normal', '2026-03-07 11:12:59', NULL),
('NOTIF-2025-014', 'USR-2025-00003', 'bloodbank', 'donation_received', 'Donation Completed', 'Arjun Nair completed a 450ml O+ donation.', '/bloodbank/donations', 1, 'normal', '2026-03-07 11:12:59', NULL),
('NOTIF-2025-015', 'USR-2025-00003', 'bloodbank', 'payment_received', 'Payment Processed', 'Received ₹1000 from KIMS Hospital.', '/bloodbank/payments', 0, 'normal', '2026-03-07 11:12:59', NULL),
('NOTIF-2025-016', 'USR-2025-00001', 'admin', 'new_hospital_registration', 'New Hospital Registration', 'Travancore Medical College is pending your approval.', '/admin/approvals', 0, 'high', '2026-03-07 11:12:59', NULL),
('NOTIF-2025-017', 'USR-2025-00001', 'admin', 'new_blood_bank_registration', 'New Blood Bank Registration', 'Palakkad Blood Services is pending your approval.', '/admin/approvals', 0, 'high', '2026-03-07 11:12:59', NULL),
('NOTIF-2025-018', 'USR-2025-00001', 'admin', 'critical_stock_statewide', 'Critical Shortage: O-', 'Statewide O- stock has dropped below 10%.', '/admin/inventory', 0, 'critical', '2026-03-07 11:12:59', NULL),
('NOTIF-2025-019', 'USR-2025-00001', 'admin', 'system_alert', 'System Maintenance Scheduled', 'Scheduled DB maintenance this Sunday at 2 AM.', '/admin/settings', 1, 'normal', '2026-03-07 11:12:59', NULL),
('NOTIF-MMGHZJBL-RUT4', 'USR-2025-00009', 'hospital', 'request_approved', 'Request Approved', 'Your request for 3U A+ has been approved by the blood bank.', '/hospital/requests', 0, 'high', '2026-03-07 15:48:11', NULL),
('NOTIF-MMGHZR0C-XZ80', 'USR-2025-00009', 'hospital', 'blood_issued', 'Blood Units Issued', '3 units of A+ blood have been issued for your patient.', '/hospital/requests', 0, 'normal', '2026-03-07 15:48:21', NULL),
('NOTIF-MMGHZR0K-2209', 'USR-2025-00009', 'hospital', 'payment_due', 'Payment Pending', 'Please complete the payment for the recently issued A+ blood.', '/hospital/payments', 0, 'high', '2026-03-07 15:48:21', NULL),
('NOTIF-MN7B8WAC-6ONX', 'USR-2025-00006', 'bloodbank', 'new_request_received', 'New Routine Request', 'You have received a request for 2U A+ from a registered hospital.', '/bloodbank/requests', 0, 'normal', '2026-03-26 10:09:17', NULL),
('NOTIF-MN7BI4G0-424S', 'USR-2025-00009', 'hospital', 'request_approved', 'Request Approved', 'Your request for 2U A+ has been approved by the blood bank.', '/hospital/requests', 0, 'high', '2026-03-26 10:16:28', NULL),
('NOTIF-MN7BJDO1-JLE5', 'USR-2025-00009', 'hospital', 'blood_issued', 'Blood Units Issued', '2 units of A+ blood have been issued for your patient.', '/hospital/requests', 0, 'normal', '2026-03-26 10:17:27', NULL),
('NOTIF-MN7BJDOC-R2Y6', 'USR-2025-00009', 'hospital', 'payment_due', 'Payment Pending', 'Please complete the payment for the recently issued A+ blood.', '/hospital/payments', 0, 'high', '2026-03-26 10:17:27', NULL),
('NOTIF-MNG972DZ-9WGM', 'USR-2025-00015', 'donor', 'appointment_update', 'Appointment Updated', 'Your appointment on Sat Apr 04 2026 00:00:00 GMT+0530 (India Standard Time) has been fulfilled.', '/donor/schedule', 0, 'normal', '2026-04-01 16:21:48', NULL),
('NOTIF-MNGYYD60-6DXQ', 'USR-2025-00011', 'hospital', 'request_approved', 'Request Approved', 'Your request for 1U B+ has been approved by the blood bank.', '/hospital/requests', 0, 'high', '2026-04-02 04:22:52', NULL),
('NOTIF-MNH2D58I-1E6N', 'USR-2025-00015', 'donor', 'camp_rsvp', 'RSVP Confirmed', 'You''ve joined KMS Camp on Fri Apr 03 2026 00:00:00 GMT+0530 (India Standard Time). See you there!', '/donor/camps', 0, 'normal', '2026-04-02 05:58:21', NULL),
('NOTIF-MNN6ZLAE-XBO0', 'USR-2025-00015', 'donor', 'camp_rsvp', 'RSVP Confirmed', 'You''ve joined BB Drive on Thu Apr 09 2026 00:00:00 GMT+0530 (India Standard Time). See you there!', '/donor/camps', 0, 'normal', '2026-04-06 12:54:24', NULL),
('NOTIF-MNQC4HKJ-DPMP', 'USR-2025-00010', 'hospital', 'blood_issued', 'Blood Units Issued', '2 units of B- blood have been issued for your patient.', '/hospital/requests', 0, 'normal', '2026-04-08 17:41:29', NULL),
('NOTIF-MNQC4HKV-H0XJ', 'USR-2025-00010', 'hospital', 'payment_due', 'Payment Pending', 'Please complete the payment for the recently issued B- blood.', '/hospital/payments', 0, 'high', '2026-04-08 17:41:29', NULL),
('NTF-1775739807167', 'USR-2025-00015', 'donor', 'Reminder', 'Donation Reminder', 'Hello Arjun Nair, your help is needed! You are currently eligible to donate. Please visit your nearest blood bank.', NULL, 0, 'normal', '2026-04-09 13:03:27', NULL),
('NTF-1775742248362', 'USR-2025-00018', 'donor', 'Reminder', 'Donation Reminder', 'Hello Deepa Pillai, your help is needed! You are currently eligible to donate. Please visit your nearest blood bank.', NULL, 0, 'normal', '2026-04-09 13:44:08', NULL);

-- TABLE: patient
INSERT INTO `patient` (`patient_id`, `hospital_id`, `name`, `age`, `gender`, `blood_group`, `ward`, `admitted_on`, `status`, `created_at`) VALUES
('PAT-2025-00001', 'HSP-2025-KL-00001', 'Rajan Pillai', 58, 'Male', 'B+', 'Cardiac ICU', '2026-02-28 18:30:00', 'Critical', '2026-03-06 10:29:11'),
('PAT-2025-00002', 'HSP-2025-KL-00001', 'Suma Krishnan', 34, 'Female', 'O+', 'Maternity', '2026-03-03 18:30:00', 'Stable', '2026-03-06 10:29:11'),
('PAT-2025-00003', 'HSP-2025-KL-00001', 'Manoj Thomas', 45, 'Male', 'A+', 'Surgery', '2026-02-25 18:30:00', 'Admitted', '2026-03-06 10:29:11'),
('PAT-2025-00004', 'HSP-2025-KL-00001', 'Lekha Nair', 62, 'Female', 'AB+', 'General Ward', '2026-02-18 18:30:00', 'Discharged', '2026-03-06 10:29:11'),
('PAT-2025-00005', 'HSP-2025-KL-00002', 'Suresh Babu', 41, 'Male', 'O-', 'Orthopaedics', '2026-03-02 18:30:00', 'Admitted', '2026-03-06 10:29:11'),
('PAT-2025-00006', 'HSP-2025-KL-00002', 'Asha Varma', 28, 'Female', 'B-', 'Surgery', '2026-03-04 18:30:00', 'Critical', '2026-03-06 10:29:11'),
('PAT-2025-00007', 'HSP-2025-KL-00002', 'Binu Mathew', 55, 'Male', 'A+', 'Neurology', '2026-02-26 18:30:00', 'Stable', '2026-03-06 10:29:11'),
('PAT-2025-00008', 'HSP-2025-KL-00003', 'Geetha Menon', 48, 'Female', 'O+', 'Gynaecology', '2026-03-01 18:30:00', 'Admitted', '2026-03-06 10:29:11'),
('PAT-2025-00009', 'HSP-2025-KL-00003', 'Saji Kurian', 37, 'Male', 'B+', 'General Ward', '2026-02-23 18:30:00', 'Stable', '2026-03-06 10:29:11'),
('PAT-2025-00010', 'HSP-2025-KL-00003', 'Moly Abraham', 67, 'Female', 'A-', 'Cardiac ICU', '2026-03-03 18:30:00', 'Critical', '2026-03-06 10:29:11'),
('PAT-2025-00011', 'HSP-2025-KL-00004', 'Anoop Nambiar', 30, 'Male', 'AB-', 'Trauma', '2026-03-05 18:30:00', 'Critical', '2026-03-06 10:29:11'),
('PAT-2025-00012', 'HSP-2025-KL-00004', 'Preethi Raj', 25, 'Female', 'O+', 'Maternity', '2026-03-02 18:30:00', 'Stable', '2026-03-06 10:29:11');

-- TABLE: payment
INSERT INTO `payment` (`payment_id`, `hospital_id`, `bank_id`, `request_id`, `amount`, `payment_date`, `payment_status`, `created_at`) VALUES
('PAY-2025-00001', 'HSP-2025-KL-00001', 'BNK-2025-KL-00001', 'REQ-2025-00001', '1000.00', '2026-03-03 18:30:00', 'Paid', '2026-03-06 10:29:11'),
('PAY-2025-00002', 'HSP-2025-KL-00001', 'BNK-2025-KL-00002', 'REQ-2025-00002', '500.00', '2026-03-05 18:30:00', 'Paid', '2026-03-06 10:29:11'),
('PAY-2025-00003', 'HSP-2025-KL-00001', 'BNK-2025-KL-00001', 'REQ-2025-00003', '1500.00', '2026-03-06 18:30:00', 'Paid', '2026-03-06 10:29:11'),
('PAY-2025-00004', 'HSP-2025-KL-00002', 'BNK-2025-KL-00001', 'REQ-2025-00004', '1000.00', '2026-03-04 18:30:00', 'Paid', '2026-03-06 10:29:11'),
('PAY-2025-00005', 'HSP-2025-KL-00002', 'BNK-2025-KL-00002', 'REQ-2025-00005', '1000.00', NULL, 'Pending', '2026-03-06 10:29:11'),
('PAY-2025-00006', 'HSP-2025-KL-00002', 'BNK-2025-KL-00003', 'REQ-2025-00006', '500.00', NULL, 'Pending', '2026-03-06 10:29:11'),
('PAY-2025-00007', 'HSP-2025-KL-00003', 'BNK-2025-KL-00003', 'REQ-2025-00007', '1000.00', '2026-04-07 18:30:00', 'Paid', '2026-03-06 10:29:11'),
('PAY-2025-00008', 'HSP-2025-KL-00003', 'BNK-2025-KL-00001', 'REQ-2025-00008', '500.00', NULL, 'Pending', '2026-03-06 10:29:11'),
('PAY-2025-00009', 'HSP-2025-KL-00003', 'BNK-2025-KL-00002', 'REQ-2025-00009', '1000.00', NULL, 'Pending', '2026-03-06 10:29:11'),
('PAY-2025-00010', 'HSP-2025-KL-00004', 'BNK-2025-KL-00004', 'REQ-2025-00010', '1500.00', '2026-03-06 18:30:00', 'Paid', '2026-03-06 10:29:11'),
('PAY-2025-00011', 'HSP-2025-KL-00004', 'BNK-2025-KL-00004', 'REQ-2025-00011', '500.00', '2026-03-06 18:30:00', 'Paid', '2026-03-06 10:29:11'),
('PAY-2025-00012', 'HSP-2025-KL-00004', 'BNK-2025-KL-00004', 'REQ-2025-00014', '1000.00', '2026-03-06 18:30:00', 'Paid', '2026-03-06 10:29:11'),
('PAY-2026-D7ATV', 'HSP-2025-KL-00001', 'BNK-2025-KL-00004', 'REQ-2026-JBDPG', '1000.00', '2026-03-25 18:30:00', 'Paid', '2026-03-26 10:09:17'),
('PAY-2026-RAPTI', 'HSP-2025-KL-00001', 'BNK-2025-KL-00001', 'REQ-2026-2MNUU', '500.00', '2026-03-05 18:30:00', 'Paid', '2026-03-06 11:29:14');

-- TABLE: system_settings
INSERT INTO `system_settings` (`key`, `value`, `updated_at`) VALUES
('critical_sms', 'false', '2026-04-09 15:24:23'),
('daily_reports', 'true', '2026-04-09 15:24:23'),
('data_retention_days', '365', '2026-04-09 15:24:23'),
('email_alerts', 'true', '2026-04-09 15:24:23'),
('ip_whitelist', '127.0.0.1, 10.0.0.1', '2026-04-09 15:24:23'),
('maintenance_mode', 'false', '2026-04-09 15:24:23'),
('max_login_attempts', '5', '2026-04-09 15:24:23'),
('registration_open', 'true', '2026-04-09 15:24:23'),
('require_2fa', 'false', '2026-04-09 15:24:23'),
('session_timeout', '30', '2026-04-09 15:24:23'),
('stock_warnings', 'true', '2026-04-09 15:24:23'),
('system_name', 'HEM∆ Blood Management System', '2026-04-09 15:24:23');

-- TABLE: users
INSERT INTO `users` (`user_id`, `email`, `password_hash`, `phone`, `role`, `entity_id`, `is_active`, `is_approved`, `otp`, `otp_expires`, `created_at`, `last_login`, `login_attempts`, `lock_until`) VALUES
('USR-2025-00001', 'admin@hema.health', '$2b$10$e8ja.hJQJrXkZeNdEhGQJ.8TUMCN.DvmHIYWPrK58lOTCiB/FQe0C', '+91 98001 00001', 'admin', NULL, 1, 1, NULL, NULL, '2026-03-06 10:29:11', '2026-04-08 14:31:44', 0, NULL),
('USR-2025-00002', 'regional@hema.health', '$2b$10$e8ja.hJQJrXkZeNdEhGQJ.8TUMCN.DvmHIYWPrK58lOTCiB/FQe0C', '+91 98001 00002', 'admin', NULL, 1, 1, NULL, NULL, '2026-03-06 10:29:11', '2026-04-09 12:17:12', 0, NULL),
('USR-2025-00003', 'admin@kimsbank.in', '$2b$10$e8ja.hJQJrXkZeNdEhGQJ.8TUMCN.DvmHIYWPrK58lOTCiB/FQe0C', '+91 98001 00003', 'bloodbank', 'BNK-2025-KL-00001', 1, 1, NULL, NULL, '2026-03-06 10:29:11', '2026-04-01 15:23:34', 0, NULL),
('USR-2025-00004', 'admin@lakeshore.in', '$2b$10$e8ja.hJQJrXkZeNdEhGQJ.8TUMCN.DvmHIYWPrK58lOTCiB/FQe0C', '+91 98001 00004', 'bloodbank', 'BNK-2025-KL-00002', 1, 1, NULL, NULL, '2026-03-06 10:29:11', '2026-04-08 15:20:54', 0, NULL),
('USR-2025-00005', 'admin@thrissurredcross.in', '$2b$10$e8ja.hJQJrXkZeNdEhGQJ.8TUMCN.DvmHIYWPrK58lOTCiB/FQe0C', '+91 98001 00005', 'bloodbank', 'BNK-2025-KL-00003', 1, 1, NULL, NULL, '2026-03-06 10:29:11', '2026-04-08 14:59:52', 0, NULL),
('USR-2025-00006', 'admin@kozhikodebank.in', '$2b$10$e8ja.hJQJrXkZeNdEhGQJ.8TUMCN.DvmHIYWPrK58lOTCiB/FQe0C', '+91 98001 00006', 'bloodbank', 'BNK-2025-KL-00004', 1, 1, NULL, NULL, '2026-03-06 10:29:11', '2026-04-08 14:31:00', 0, NULL),
('USR-2025-00007', 'admin@kollambank.in', '$2b$10$e8ja.hJQJrXkZeNdEhGQJ.8TUMCN.DvmHIYWPrK58lOTCiB/FQe0C', '+91 98001 00007', 'bloodbank', 'BNK-2025-KL-00005', 1, 1, NULL, NULL, '2026-03-06 10:29:11', NULL, 0, NULL),
('USR-2025-00009', 'admin@kims.in', '$2b$10$e8ja.hJQJrXkZeNdEhGQJ.8TUMCN.DvmHIYWPrK58lOTCiB/FQe0C', '+91 98001 00009', 'hospital', 'HSP-2025-KL-00001', 1, 1, NULL, NULL, '2026-03-06 10:29:11', '2026-03-26 10:08:31', 0, NULL),
('USR-2025-00010', 'admin@lakehosp.in', '$2b$10$e8ja.hJQJrXkZeNdEhGQJ.8TUMCN.DvmHIYWPrK58lOTCiB/FQe0C', '+91 98001 00010', 'hospital', 'HSP-2025-KL-00002', 1, 1, NULL, NULL, '2026-03-06 10:29:11', '2026-04-08 12:06:39', 0, NULL),
('USR-2025-00011', 'admin@jubilee.in', '$2b$10$e8ja.hJQJrXkZeNdEhGQJ.8TUMCN.DvmHIYWPrK58lOTCiB/FQe0C', '+91 98001 00011', 'hospital', 'HSP-2025-KL-00003', 1, 1, NULL, NULL, '2026-03-06 10:29:11', '2026-04-08 12:08:57', 0, NULL),
('USR-2025-00012', 'admin@babymemorial.in', '$2b$10$e8ja.hJQJrXkZeNdEhGQJ.8TUMCN.DvmHIYWPrK58lOTCiB/FQe0C', '+91 98001 00012', 'hospital', 'HSP-2025-KL-00004', 1, 1, NULL, NULL, '2026-03-06 10:29:11', '2026-04-08 15:35:39', 0, NULL),
('USR-2025-00013', 'admin@travmed.in', '$2b$10$e8ja.hJQJrXkZeNdEhGQJ.8TUMCN.DvmHIYWPrK58lOTCiB/FQe0C', '+91 98001 00013', 'hospital', 'HSP-2025-KL-00005', 1, 1, NULL, NULL, '2026-03-06 10:29:11', NULL, 0, NULL),
('USR-2025-00014', 'admin@palakkadhosp.in', '$2b$10$e8ja.hJQJrXkZeNdEhGQJ.8TUMCN.DvmHIYWPrK58lOTCiB/FQe0C', '+91 98001 00014', 'hospital', 'HSP-2025-KL-00006', 1, 1, NULL, NULL, '2026-03-06 10:29:11', '2026-03-07 12:15:11', 0, NULL),
('USR-2026-PFYR8', 'maxy@gmail.com', '$2b$10$UY/D64pvyOjt9t8ZxFGoD.zzsCswiadPT0F7OohZBOnRu54kzuRg2', '+91 97845 61230', 'hospital', 'HSP-2026-KL-YZZJ4', 0, 0, NULL, NULL, '2026-03-09 02:17:08', NULL, 0, NULL),
('USR-2025-00015', 'arjunnair@gmail.com', '$2b$10$e8ja.hJQJrXkZeNdEhGQJ.8TUMCN.DvmHIYWPrK58lOTCiB/FQe0C', '+91 94471 11111', 'donor', 'DNR-2025-00001', 1, 1, NULL, NULL, CURRENT_TIMESTAMP, NULL, 0, NULL),
('USR-2025-00016', 'priyamenon@gmail.com', '$2b$10$e8ja.hJQJrXkZeNdEhGQJ.8TUMCN.DvmHIYWPrK58lOTCiB/FQe0C', '+91 94471 22222', 'donor', 'DNR-2025-00002', 1, 1, NULL, NULL, CURRENT_TIMESTAMP, NULL, 0, NULL),
('USR-2025-00017', 'rahulkrishnan@gmail.com', '$2b$10$e8ja.hJQJrXkZeNdEhGQJ.8TUMCN.DvmHIYWPrK58lOTCiB/FQe0C', '+91 94471 33333', 'donor', 'DNR-2025-00003', 1, 1, NULL, NULL, CURRENT_TIMESTAMP, NULL, 0, NULL),
('USR-2025-00018', 'deepapillai@gmail.com', '$2b$10$e8ja.hJQJrXkZeNdEhGQJ.8TUMCN.DvmHIYWPrK58lOTCiB/FQe0C', '+91 94471 44445', 'donor', 'DNR-2025-00004', 1, 1, NULL, NULL, CURRENT_TIMESTAMP, NULL, 0, NULL),
('USR-2025-00100', 'vishnukumar@gmail.com', '$2b$10$e8ja.hJQJrXkZeNdEhGQJ.8TUMCN.DvmHIYWPrK58lOTCiB/FQe0C', '+91 94471 55555', 'donor', 'DNR-2025-00005', 1, 1, NULL, NULL, CURRENT_TIMESTAMP, NULL, 0, NULL),
('USR-2025-00101', 'anjalithomas@gmail.com', '$2b$10$e8ja.hJQJrXkZeNdEhGQJ.8TUMCN.DvmHIYWPrK58lOTCiB/FQe0C', '+91 94471 66666', 'donor', 'DNR-2025-00006', 1, 1, NULL, NULL, CURRENT_TIMESTAMP, NULL, 0, NULL),
('USR-2025-00102', 'sreekanthvarma@gmail.com', '$2b$10$e8ja.hJQJrXkZeNdEhGQJ.8TUMCN.DvmHIYWPrK58lOTCiB/FQe0C', '+91 94471 77777', 'donor', 'DNR-2025-00007', 1, 1, NULL, NULL, CURRENT_TIMESTAMP, NULL, 0, NULL),
('USR-2025-00103', 'meerasuresh@gmail.com', '$2b$10$e8ja.hJQJrXkZeNdEhGQJ.8TUMCN.DvmHIYWPrK58lOTCiB/FQe0C', '+91 94471 88888', 'donor', 'DNR-2025-00008', 1, 1, NULL, NULL, CURRENT_TIMESTAMP, NULL, 0, NULL),
('USR-2025-00104', 'arunbabu@gmail.com', '$2b$10$e8ja.hJQJrXkZeNdEhGQJ.8TUMCN.DvmHIYWPrK58lOTCiB/FQe0C', '+91 94471 99999', 'donor', 'DNR-2025-00009', 1, 1, NULL, NULL, CURRENT_TIMESTAMP, NULL, 0, NULL),
('USR-2025-00105', 'neethugeorge@gmail.com', '$2b$10$e8ja.hJQJrXkZeNdEhGQJ.8TUMCN.DvmHIYWPrK58lOTCiB/FQe0C', '+91 94471 10101', 'donor', 'DNR-2025-00010', 1, 1, NULL, NULL, CURRENT_TIMESTAMP, NULL, 0, NULL),
('USR-2025-00106', 'adityavarma@gmail.com', '$2b$10$e8ja.hJQJrXkZeNdEhGQJ.8TUMCN.DvmHIYWPrK58lOTCiB/FQe0C', '+91 94622543275', 'donor', 'DNR-2025-00021', 1, 1, NULL, NULL, CURRENT_TIMESTAMP, NULL, 0, NULL),
('USR-2025-00107', 'deepamathew@gmail.com', '$2b$10$e8ja.hJQJrXkZeNdEhGQJ.8TUMCN.DvmHIYWPrK58lOTCiB/FQe0C', '+91 92907925692', 'donor', 'DNR-2025-00022', 1, 1, NULL, NULL, CURRENT_TIMESTAMP, NULL, 0, NULL),
('USR-2025-00108', 'adityababu@gmail.com', '$2b$10$e8ja.hJQJrXkZeNdEhGQJ.8TUMCN.DvmHIYWPrK58lOTCiB/FQe0C', '+91 92211215398', 'donor', 'DNR-2025-00023', 1, 1, NULL, NULL, CURRENT_TIMESTAMP, NULL, 0, NULL),
('USR-2025-00109', 'pranavprasad@gmail.com', '$2b$10$e8ja.hJQJrXkZeNdEhGQJ.8TUMCN.DvmHIYWPrK58lOTCiB/FQe0C', '+91 96011087362', 'donor', 'DNR-2025-00024', 1, 1, NULL, NULL, CURRENT_TIMESTAMP, NULL, 0, NULL),
('USR-2025-00110', 'divyageorge@gmail.com', '$2b$10$e8ja.hJQJrXkZeNdEhGQJ.8TUMCN.DvmHIYWPrK58lOTCiB/FQe0C', '+91 95430642652', 'donor', 'DNR-2025-00025', 1, 1, NULL, NULL, CURRENT_TIMESTAMP, NULL, 0, NULL),
('USR-2025-00111', 'manojmenon@gmail.com', '$2b$10$e8ja.hJQJrXkZeNdEhGQJ.8TUMCN.DvmHIYWPrK58lOTCiB/FQe0C', '+91 96779522121', 'donor', 'DNR-2025-00026', 1, 1, NULL, NULL, CURRENT_TIMESTAMP, NULL, 0, NULL),
('USR-2025-00112', 'preethigeorge@gmail.com', '$2b$10$e8ja.hJQJrXkZeNdEhGQJ.8TUMCN.DvmHIYWPrK58lOTCiB/FQe0C', '+91 99369114035', 'donor', 'DNR-2025-00027', 1, 1, NULL, NULL, CURRENT_TIMESTAMP, NULL, 0, NULL),
('USR-2025-00113', 'aiswaryababu@gmail.com', '$2b$10$e8ja.hJQJrXkZeNdEhGQJ.8TUMCN.DvmHIYWPrK58lOTCiB/FQe0C', '+91 96002665984', 'donor', 'DNR-2025-00028', 1, 1, NULL, NULL, CURRENT_TIMESTAMP, NULL, 0, NULL),
('USR-2025-00114', 'jithinnambiar@gmail.com', '$2b$10$e8ja.hJQJrXkZeNdEhGQJ.8TUMCN.DvmHIYWPrK58lOTCiB/FQe0C', '+91 92122460393', 'donor', 'DNR-2025-00029', 1, 1, NULL, NULL, CURRENT_TIMESTAMP, NULL, 0, NULL),
('USR-2025-00115', 'kavyathomas@gmail.com', '$2b$10$e8ja.hJQJrXkZeNdEhGQJ.8TUMCN.DvmHIYWPrK58lOTCiB/FQe0C', '+91 95056740182', 'donor', 'DNR-2025-00030', 1, 1, NULL, NULL, CURRENT_TIMESTAMP, NULL, 0, NULL),
('USR-2025-00116', 'vineethgeorge@gmail.com', '$2b$10$e8ja.hJQJrXkZeNdEhGQJ.8TUMCN.DvmHIYWPrK58lOTCiB/FQe0C', '+91 98535289606', 'donor', 'DNR-2025-00031', 1, 1, NULL, NULL, CURRENT_TIMESTAMP, NULL, 0, NULL),
('USR-2025-00117', 'sandeepabraham@gmail.com', '$2b$10$e8ja.hJQJrXkZeNdEhGQJ.8TUMCN.DvmHIYWPrK58lOTCiB/FQe0C', '+91 94579469502', 'donor', 'DNR-2025-00032', 1, 1, NULL, NULL, CURRENT_TIMESTAMP, NULL, 0, NULL),
('USR-2025-00118', 'lekhaprasad@gmail.com', '$2b$10$e8ja.hJQJrXkZeNdEhGQJ.8TUMCN.DvmHIYWPrK58lOTCiB/FQe0C', '+91 95580445081', 'donor', 'DNR-2025-00033', 1, 1, NULL, NULL, CURRENT_TIMESTAMP, NULL, 0, NULL),
('USR-2025-00119', 'sureshraj@gmail.com', '$2b$10$e8ja.hJQJrXkZeNdEhGQJ.8TUMCN.DvmHIYWPrK58lOTCiB/FQe0C', '+91 97584645924', 'donor', 'DNR-2025-00034', 1, 1, NULL, NULL, CURRENT_TIMESTAMP, NULL, 0, NULL),
('USR-2025-00120', 'preethithomas@gmail.com', '$2b$10$e8ja.hJQJrXkZeNdEhGQJ.8TUMCN.DvmHIYWPrK58lOTCiB/FQe0C', '+91 96957822602', 'donor', 'DNR-2025-00035', 1, 1, NULL, NULL, CURRENT_TIMESTAMP, NULL, 0, NULL),
('USR-2025-00121', 'sajikurian@gmail.com', '$2b$10$e8ja.hJQJrXkZeNdEhGQJ.8TUMCN.DvmHIYWPrK58lOTCiB/FQe0C', '+91 98963820201', 'donor', 'DNR-2025-00036', 1, 1, NULL, NULL, CURRENT_TIMESTAMP, NULL, 0, NULL),
('USR-2025-00122', 'arunnair@gmail.com', '$2b$10$e8ja.hJQJrXkZeNdEhGQJ.8TUMCN.DvmHIYWPrK58lOTCiB/FQe0C', '+91 98434442122', 'donor', 'DNR-2025-00037', 1, 1, NULL, NULL, CURRENT_TIMESTAMP, NULL, 0, NULL),
('USR-2025-00123', 'dhanyanambiar@gmail.com', '$2b$10$e8ja.hJQJrXkZeNdEhGQJ.8TUMCN.DvmHIYWPrK58lOTCiB/FQe0C', '+91 98819884592', 'donor', 'DNR-2025-00038', 1, 1, NULL, NULL, CURRENT_TIMESTAMP, NULL, 0, NULL),
('USR-2025-00124', 'lekhadas@gmail.com', '$2b$10$e8ja.hJQJrXkZeNdEhGQJ.8TUMCN.DvmHIYWPrK58lOTCiB/FQe0C', '+91 98496499873', 'donor', 'DNR-2025-00039', 1, 1, NULL, NULL, CURRENT_TIMESTAMP, NULL, 0, NULL),
('USR-2025-00125', 'snehamathew@gmail.com', '$2b$10$e8ja.hJQJrXkZeNdEhGQJ.8TUMCN.DvmHIYWPrK58lOTCiB/FQe0C', '+91 99958693356', 'donor', 'DNR-2025-00040', 1, 1, NULL, NULL, CURRENT_TIMESTAMP, NULL, 0, NULL),
('USR-2025-00126', 'swathynair@gmail.com', '$2b$10$e8ja.hJQJrXkZeNdEhGQJ.8TUMCN.DvmHIYWPrK58lOTCiB/FQe0C', '+91 93638917825', 'donor', 'DNR-2025-00041', 1, 1, NULL, NULL, CURRENT_TIMESTAMP, NULL, 0, NULL),
('USR-2025-00127', 'anjalivarma@gmail.com', '$2b$10$e8ja.hJQJrXkZeNdEhGQJ.8TUMCN.DvmHIYWPrK58lOTCiB/FQe0C', '+91 94637336540', 'donor', 'DNR-2025-00042', 1, 1, NULL, NULL, CURRENT_TIMESTAMP, NULL, 0, NULL),
('USR-2025-00128', 'snehakumar@gmail.com', '$2b$10$e8ja.hJQJrXkZeNdEhGQJ.8TUMCN.DvmHIYWPrK58lOTCiB/FQe0C', '+91 91073537299', 'donor', 'DNR-2025-00043', 1, 1, NULL, NULL, CURRENT_TIMESTAMP, NULL, 0, NULL),
('USR-2025-00129', 'gokulnair@gmail.com', '$2b$10$e8ja.hJQJrXkZeNdEhGQJ.8TUMCN.DvmHIYWPrK58lOTCiB/FQe0C', '+91 92444458858', 'donor', 'DNR-2025-00044', 1, 1, NULL, NULL, CURRENT_TIMESTAMP, NULL, 0, NULL),
('USR-2025-00130', 'neethuvarma@gmail.com', '$2b$10$e8ja.hJQJrXkZeNdEhGQJ.8TUMCN.DvmHIYWPrK58lOTCiB/FQe0C', '+91 99448250410', 'donor', 'DNR-2025-00045', 1, 1, NULL, NULL, CURRENT_TIMESTAMP, NULL, 0, NULL),
('USR-2025-00131', 'rajanabraham@gmail.com', '$2b$10$e8ja.hJQJrXkZeNdEhGQJ.8TUMCN.DvmHIYWPrK58lOTCiB/FQe0C', '+91 94688348450', 'donor', 'DNR-2025-00046', 1, 1, NULL, NULL, CURRENT_TIMESTAMP, NULL, 0, NULL),
('USR-2025-00132', 'sumababu@gmail.com', '$2b$10$e8ja.hJQJrXkZeNdEhGQJ.8TUMCN.DvmHIYWPrK58lOTCiB/FQe0C', '+91 96401248964', 'donor', 'DNR-2025-00047', 1, 1, NULL, NULL, CURRENT_TIMESTAMP, NULL, 0, NULL),
('USR-2025-00133', 'molyvarma@gmail.com', '$2b$10$e8ja.hJQJrXkZeNdEhGQJ.8TUMCN.DvmHIYWPrK58lOTCiB/FQe0C', '+91 91245968437', 'donor', 'DNR-2025-00048', 1, 1, NULL, NULL, CURRENT_TIMESTAMP, NULL, 0, NULL),
('USR-2025-00134', 'sreekanthprasad@gmail.com', '$2b$10$e8ja.hJQJrXkZeNdEhGQJ.8TUMCN.DvmHIYWPrK58lOTCiB/FQe0C', '+91 95804438499', 'donor', 'DNR-2025-00049', 1, 1, NULL, NULL, CURRENT_TIMESTAMP, NULL, 0, NULL),
('USR-2025-00135', 'meerababu@gmail.com', '$2b$10$e8ja.hJQJrXkZeNdEhGQJ.8TUMCN.DvmHIYWPrK58lOTCiB/FQe0C', '+91 99434394815', 'donor', 'DNR-2025-00050', 1, 1, NULL, NULL, CURRENT_TIMESTAMP, NULL, 0, NULL);


-- ═══════════════════════════════════════════
-- PREMIUM REALISTIC DATA EXPANSION (2024–2026)
-- ═══════════════════════════════════════════

-- EXPANDED PREMIUM DONORS
INSERT INTO `donor` (`donor_id`, `name`, `age`, `gender`, `blood_group`, `phone`, `city`, `created_at`) VALUES 
('DNR-2025-00021', 'Aditya Varma', 49, 'Female', 'B-', '+91 94622543275', 'Ernakulam', '2024-10-13 23:08:24'),
('DNR-2025-00022', 'Deepa Mathew', 45, 'Male', 'AB-', '+91 92907925692', 'Ernakulam', '2024-04-25 08:03:35'),
('DNR-2025-00023', 'Aditya Babu', 31, 'Female', 'AB+', '+91 92211215398', 'Wayanad', '2024-12-03 16:50:03'),
('DNR-2025-00024', 'Pranav Prasad', 32, 'Female', 'AB+', '+91 96011087362', 'Palakkad', '2024-03-25 09:54:23'),
('DNR-2025-00025', 'Divya George', 49, 'Female', 'AB-', '+91 95430642652', 'Malappuram', '2024-04-16 13:57:49'),
('DNR-2025-00026', 'Manoj Menon', 44, 'Male', 'AB-', '+91 96779522121', 'Malappuram', '2025-01-17 01:23:43'),
('DNR-2025-00027', 'Preethi George', 46, 'Male', 'A+', '+91 99369114035', 'Kozhikode', '2024-06-30 23:28:15'),
('DNR-2025-00028', 'Aiswarya Babu', 54, 'Female', 'AB+', '+91 96002665984', 'Idukki', '2024-09-18 23:57:06'),
('DNR-2025-00029', 'Jithin Nambiar', 36, 'Female', 'B-', '+91 92122460393', 'Malappuram', '2024-02-24 09:50:28'),
('DNR-2025-00030', 'Kavya Thomas', 32, 'Female', 'AB-', '+91 95056740182', 'Idukki', '2024-03-20 06:45:51'),
('DNR-2025-00031', 'Vineeth George', 42, 'Female', 'B-', '+91 98535289606', 'Kozhikode', '2024-01-19 01:11:27'),
('DNR-2025-00032', 'Sandeep Abraham', 42, 'Male', 'AB+', '+91 94579469502', 'Palakkad', '2025-04-16 22:21:09'),
('DNR-2025-00033', 'Lekha Prasad', 40, 'Female', 'O-', '+91 95580445081', 'Ernakulam', '2024-03-22 08:11:31'),
('DNR-2025-00034', 'Suresh Raj', 52, 'Male', 'AB+', '+91 97584645924', 'Wayanad', '2024-01-15 00:56:24'),
('DNR-2025-00035', 'Preethi Thomas', 45, 'Male', 'A-', '+91 96957822602', 'Palakkad', '2024-01-31 05:51:12'),
('DNR-2025-00036', 'Saji Kurian', 49, 'Female', 'B-', '+91 98963820201', 'Palakkad', '2024-11-14 13:29:14'),
('DNR-2025-00037', 'Arun Nair', 34, 'Male', 'O+', '+91 98434442122', 'Kollam', '2024-04-13 06:58:55'),
('DNR-2025-00038', 'Dhanya Nambiar', 57, 'Female', 'B-', '+91 98819884592', 'Ernakulam', '2025-01-20 02:26:53'),
('DNR-2025-00039', 'Lekha Das', 19, 'Female', 'A-', '+91 98496499873', 'Ernakulam', '2024-04-08 06:05:46'),
('DNR-2025-00040', 'Sneha Mathew', 53, 'Male', 'A-', '+91 99958693356', 'Kollam', '2024-03-12 05:48:13'),
('DNR-2025-00041', 'Swathy Nair', 31, 'Male', 'B-', '+91 93638917825', 'Ernakulam', '2024-07-24 02:53:56'),
('DNR-2025-00042', 'Anjali Varma', 51, 'Male', 'B-', '+91 94637336540', 'Thiruvananthapuram', '2024-05-18 16:01:55'),
('DNR-2025-00043', 'Sneha Kumar', 55, 'Female', 'A-', '+91 91073537299', 'Kasaragod', '2024-07-22 14:29:19'),
('DNR-2025-00044', 'Gokul Nair', 48, 'Male', 'A-', '+91 92444458858', 'Thrissur', '2025-01-15 13:17:17'),
('DNR-2025-00045', 'Neethu Varma', 38, 'Female', 'AB+', '+91 99448250410', 'Palakkad', '2024-12-03 01:56:01'),
('DNR-2025-00046', 'Rajan Abraham', 24, 'Male', 'O-', '+91 94688348450', 'Thiruvananthapuram', '2025-02-26 13:33:51'),
('DNR-2025-00047', 'Suma Babu', 58, 'Female', 'A+', '+91 96401248964', 'Thrissur', '2024-09-21 10:45:24'),
('DNR-2025-00048', 'Moly Varma', 21, 'Female', 'O-', '+91 91245968437', 'Idukki', '2025-01-27 10:40:36'),
('DNR-2025-00049', 'Sreekanth Prasad', 49, 'Female', 'AB-', '+91 95804438499', 'Ernakulam', '2024-05-01 22:23:20'),
('DNR-2025-00050', 'Meera Babu', 59, 'Male', 'A+', '+91 99434394815', 'Kozhikode', '2024-08-27 00:22:38');

-- EXPANDED PREMIUM PATIENTS
INSERT INTO `patient` (`patient_id`, `hospital_id`, `name`, `age`, `gender`, `blood_group`, `ward`, `admitted_on`) VALUES 
('PAT-2025-00061', 'HSP-2025-KL-00006', 'Vishnu Pillai', 86, 'Female', 'B-', 'Emergency', '2025-07-27 23:16:38'),
('PAT-2025-00062', 'HSP-2025-KL-00003', 'Swathy Suresh', 78, 'Female', 'A-', 'Pediatric', '2026-02-08 02:21:35'),
('PAT-2025-00063', 'HSP-2025-KL-00004', 'Divya Babu', 81, 'Male', 'A-', 'ICU', '2024-10-30 11:10:59'),
('PAT-2025-00064', 'HSP-2025-KL-00004', 'Rajan Pillai', 48, 'Female', 'AB-', 'ICU', '2024-05-16 04:00:43'),
('PAT-2025-00065', 'HSP-2025-KL-00003', 'Geetha Mathew', 51, 'Female', 'B+', 'Pediatric', '2025-02-01 06:56:10'),
('PAT-2025-00066', 'HSP-2025-KL-00001', 'Rajan Nambiar', 71, 'Female', 'O-', 'General', '2025-02-09 21:53:28'),
('PAT-2025-00067', 'HSP-2025-KL-00002', 'Rohan Iyer', 2, 'Female', 'O-', 'General', '2025-02-13 22:54:49'),
('PAT-2025-00068', 'HSP-2025-KL-00002', 'Lakshmi Chacko', 72, 'Male', 'AB+', 'Surgery', '2025-03-16 03:23:56'),
('PAT-2025-00069', 'HSP-2025-KL-00002', 'Preethi Suresh', 56, 'Female', 'B+', 'Pediatric', '2024-11-23 09:32:17'),
('PAT-2025-00070', 'HSP-2025-KL-00004', 'Rahul Krishnan', 21, 'Male', 'O+', 'ICU', '2025-10-15 00:56:49'),
('PAT-2025-00071', 'HSP-2025-KL-00004', 'Kavya Chacko', 29, 'Male', 'A+', 'Maternity', '2025-06-26 02:16:12'),
('PAT-2025-00072', 'HSP-2025-KL-00006', 'Priya George', 57, 'Male', 'A+', 'General', '2024-05-10 07:40:38'),
('PAT-2025-00073', 'HSP-2025-KL-00001', 'Vishnu Prasad', 77, 'Male', 'A-', 'Emergency', '2025-12-09 19:03:04'),
('PAT-2025-00074', 'HSP-2025-KL-00002', 'Rohan Nambiar', 42, 'Male', 'AB-', 'General', '2024-06-26 05:30:09'),
('PAT-2025-00075', 'HSP-2025-KL-00002', 'Sandeep Menon', 44, 'Female', 'AB+', 'ICU', '2026-02-21 11:01:23'),
('PAT-2025-00076', 'HSP-2025-KL-00002', 'Divya Nambiar', 24, 'Female', 'A+', 'Emergency', '2024-07-25 02:02:32'),
('PAT-2025-00077', 'HSP-2025-KL-00001', 'Sandeep Prasad', 13, 'Female', 'A-', 'Emergency', '2024-06-07 18:30:56'),
('PAT-2025-00078', 'HSP-2025-KL-00006', 'Arun Iyer', 82, 'Female', 'O+', 'ICU', '2024-11-20 21:30:40'),
('PAT-2025-00079', 'HSP-2025-KL-00004', 'Jithin Varma', 35, 'Female', 'A-', 'Surgery', '2025-09-04 15:48:00'),
('PAT-2025-00080', 'HSP-2025-KL-00004', 'Arun Thomas', 89, 'Female', 'A+', 'Surgery', '2025-03-20 06:50:09'),
('PAT-2025-00081', 'HSP-2025-KL-00003', 'Kavya Chacko', 63, 'Female', 'A+', 'Pediatric', '2024-03-14 13:43:11'),
('PAT-2025-00082', 'HSP-2025-KL-00001', 'Suresh Mathew', 6, 'Male', 'AB-', 'General', '2024-06-04 16:26:27'),
('PAT-2025-00083', 'HSP-2025-KL-00003', 'Rajan Babu', 52, 'Female', 'AB+', 'ICU', '2024-08-29 18:07:06'),
('PAT-2025-00084', 'HSP-2025-KL-00004', 'Suma Kumar', 43, 'Male', 'O-', 'General', '2025-11-21 10:04:16'),
('PAT-2025-00085', 'HSP-2025-KL-00002', 'Arjun Pillai', 60, 'Male', 'AB-', 'Cardiology', '2025-04-01 09:50:44'),
('PAT-2025-00086', 'HSP-2025-KL-00002', 'Karthik Chacko', 60, 'Female', 'A+', 'Maternity', '2024-03-18 02:30:39'),
('PAT-2025-00087', 'HSP-2025-KL-00002', 'Aditya Kumar', 11, 'Female', 'AB-', 'Cardiology', '2025-08-04 01:42:50'),
('PAT-2025-00088', 'HSP-2025-KL-00003', 'Gokul Nair', 40, 'Female', 'O+', 'Cardiology', '2024-03-04 03:17:11'),
('PAT-2025-00089', 'HSP-2025-KL-00002', 'Aiswarya Babu', 33, 'Male', 'B+', 'Pediatric', '2025-07-23 15:57:07'),
('PAT-2025-00090', 'HSP-2025-KL-00003', 'Neethu Kumar', 83, 'Male', 'AB+', 'General', '2025-10-26 19:45:12'),
('PAT-2025-00091', 'HSP-2025-KL-00003', 'Priya Panicker', 30, 'Female', 'A+', 'Cardiology', '2024-01-27 13:38:52'),
('PAT-2025-00092', 'HSP-2025-KL-00005', 'Suresh Pillai', 29, 'Male', 'O-', 'Cardiology', '2024-12-19 20:57:29'),
('PAT-2025-00093', 'HSP-2025-KL-00006', 'Binu Babu', 38, 'Female', 'A+', 'Maternity', '2024-10-15 13:48:38'),
('PAT-2025-00094', 'HSP-2025-KL-00003', 'Suma Das', 11, 'Male', 'B+', 'Surgery', '2025-03-30 16:38:02'),
('PAT-2025-00095', 'HSP-2025-KL-00001', 'Lakshmi Varma', 72, 'Female', 'AB+', 'Cardiology', '2025-06-04 14:52:46'),
('PAT-2025-00096', 'HSP-2025-KL-00002', 'Suma Raj', 69, 'Female', 'AB-', 'Pediatric', '2024-10-04 08:48:17'),
('PAT-2025-00097', 'HSP-2025-KL-00006', 'Arjun Kumar', 3, 'Male', 'B-', 'ICU', '2024-06-08 08:08:21'),
('PAT-2025-00098', 'HSP-2025-KL-00001', 'Akhil Menon', 24, 'Male', 'O+', 'Maternity', '2024-05-23 16:31:48'),
('PAT-2025-00099', 'HSP-2025-KL-00005', 'Priya Thomas', 80, 'Male', 'A+', 'Maternity', '2024-07-24 06:19:24'),
('PAT-2025-00100', 'HSP-2025-KL-00003', 'Anoop Babu', 86, 'Female', 'O-', 'Emergency', '2025-02-18 03:20:05'),
('PAT-2025-00101', 'HSP-2025-KL-00005', 'Rajan Menon', 79, 'Male', 'AB+', 'Emergency', '2024-08-07 09:00:22'),
('PAT-2025-00102', 'HSP-2025-KL-00003', 'Karthik Raj', 58, 'Female', 'B-', 'General', '2026-02-10 14:17:37'),
('PAT-2025-00103', 'HSP-2025-KL-00002', 'Gokul Nair', 33, 'Female', 'B+', 'Cardiology', '2026-03-25 16:36:31'),
('PAT-2025-00104', 'HSP-2025-KL-00002', 'Jithin Nair', 29, 'Female', 'O-', 'General', '2024-06-29 00:42:06'),
('PAT-2025-00105', 'HSP-2025-KL-00005', 'Suresh Nair', 82, 'Female', 'AB-', 'Surgery', '2025-04-08 00:07:06'),
('PAT-2025-00106', 'HSP-2025-KL-00001', 'Sandeep Thomas', 23, 'Male', 'A-', 'ICU', '2024-01-12 07:08:59'),
('PAT-2025-00107', 'HSP-2025-KL-00002', 'Vineeth Panicker', 30, 'Female', 'B+', 'Surgery', '2024-04-28 03:20:14'),
('PAT-2025-00108', 'HSP-2025-KL-00003', 'Arjun Nair', 4, 'Female', 'AB-', 'Pediatric', '2025-02-16 19:50:55'),
('PAT-2025-00109', 'HSP-2025-KL-00005', 'Aditya Das', 30, 'Female', 'A+', 'Surgery', '2025-12-01 17:58:20'),
('PAT-2025-00110', 'HSP-2025-KL-00006', 'Suma Babu', 2, 'Female', 'B-', 'ICU', '2024-10-09 12:26:16'),
('PAT-2025-00111', 'HSP-2025-KL-00003', 'Reshma Abraham', 13, 'Female', 'A+', 'General', '2024-06-27 13:44:09'),
('PAT-2025-00112', 'HSP-2025-KL-00005', 'Sreekanth Iyer', 71, 'Male', 'B+', 'Maternity', '2024-01-31 02:09:32'),
('PAT-2025-00113', 'HSP-2025-KL-00001', 'Swathy Varma', 4, 'Female', 'AB+', 'Emergency', '2025-01-19 10:41:12'),
('PAT-2025-00114', 'HSP-2025-KL-00004', 'Asha Pillai', 41, 'Female', 'A-', 'Emergency', '2024-04-14 12:12:59'),
('PAT-2025-00115', 'HSP-2025-KL-00002', 'Rohan Suresh', 14, 'Female', 'A+', 'Maternity', '2024-04-13 23:07:12'),
('PAT-2025-00116', 'HSP-2025-KL-00002', 'Jithin Nambiar', 4, 'Female', 'B+', 'General', '2024-02-27 08:08:51'),
('PAT-2025-00117', 'HSP-2025-KL-00006', 'Arun Das', 33, 'Female', 'A-', 'Pediatric', '2025-06-08 20:32:44'),
('PAT-2025-00118', 'HSP-2025-KL-00003', 'Rajan Chacko', 10, 'Male', 'O-', 'Emergency', '2024-06-21 23:24:40'),
('PAT-2025-00119', 'HSP-2025-KL-00004', 'Vishnu Pillai', 73, 'Female', 'A+', 'Pediatric', '2024-04-26 08:58:11'),
('PAT-2025-00120', 'HSP-2025-KL-00003', 'Vineeth Krishnan', 68, 'Female', 'AB+', 'Pediatric', '2024-09-26 23:06:15'),
('PAT-2025-00121', 'HSP-2025-KL-00002', 'Priya Suresh', 79, 'Male', 'B+', 'General', '2025-01-26 20:20:46'),
('PAT-2025-00122', 'HSP-2025-KL-00002', 'Neethu Menon', 58, 'Female', 'O+', 'ICU', '2025-01-01 13:41:37'),
('PAT-2025-00123', 'HSP-2025-KL-00004', 'Kavya Nambiar', 74, 'Male', 'B+', 'ICU', '2025-02-17 13:04:53'),
('PAT-2025-00124', 'HSP-2025-KL-00003', 'Suresh Krishnan', 9, 'Female', 'A+', 'Maternity', '2025-05-08 17:25:21'),
('PAT-2025-00125', 'HSP-2025-KL-00001', 'Akhil Kurian', 18, 'Male', 'AB-', 'ICU', '2025-07-20 07:33:35'),
('PAT-2025-00126', 'HSP-2025-KL-00001', 'Suma Mathew', 59, 'Female', 'AB-', 'Maternity', '2026-01-13 22:45:44'),
('PAT-2025-00127', 'HSP-2025-KL-00005', 'Manoj Raj', 70, 'Female', 'A-', 'ICU', '2025-08-31 14:57:42'),
('PAT-2025-00128', 'HSP-2025-KL-00005', 'Deepa Chacko', 82, 'Female', 'AB+', 'Surgery', '2025-04-24 09:20:29'),
('PAT-2025-00129', 'HSP-2025-KL-00001', 'Saji George', 70, 'Male', 'O-', 'Maternity', '2024-03-15 21:21:20'),
('PAT-2025-00130', 'HSP-2025-KL-00001', 'Rohan Panicker', 28, 'Female', 'A+', 'General', '2026-01-13 10:28:38'),
('PAT-2025-00131', 'HSP-2025-KL-00002', 'Arun Kumar', 13, 'Male', 'A-', 'ICU', '2025-01-11 01:19:24'),
('PAT-2025-00132', 'HSP-2025-KL-00004', 'Manoj Das', 66, 'Female', 'A+', 'General', '2024-04-04 05:26:35'),
('PAT-2025-00133', 'HSP-2025-KL-00002', 'Lakshmi Nair', 57, 'Female', 'O-', 'Emergency', '2025-02-05 00:34:38'),
('PAT-2025-00134', 'HSP-2025-KL-00003', 'Preethi Das', 26, 'Female', 'A+', 'Cardiology', '2025-09-07 21:57:14'),
('PAT-2025-00135', 'HSP-2025-KL-00005', 'Sneha Kurian', 15, 'Male', 'B+', 'General', '2025-11-05 01:18:28'),
('PAT-2025-00136', 'HSP-2025-KL-00002', 'Priya Mathew', 24, 'Male', 'O+', 'Maternity', '2024-05-12 08:37:50'),
('PAT-2025-00137', 'HSP-2025-KL-00006', 'Arun Kurian', 28, 'Female', 'O+', 'ICU', '2025-10-14 11:41:53'),
('PAT-2025-00138', 'HSP-2025-KL-00004', 'Pranav Nair', 79, 'Female', 'AB+', 'Maternity', '2024-03-06 00:26:25'),
('PAT-2025-00139', 'HSP-2025-KL-00004', 'Sneha Varma', 32, 'Male', 'O-', 'Surgery', '2024-10-15 19:19:34'),
('PAT-2025-00140', 'HSP-2025-KL-00004', 'Moly Chacko', 65, 'Female', 'A-', 'ICU', '2026-03-28 07:11:48'),
('PAT-2025-00141', 'HSP-2025-KL-00001', 'Divya Babu', 7, 'Female', 'A-', 'Pediatric', '2024-05-27 19:44:45'),
('PAT-2025-00142', 'HSP-2025-KL-00002', 'Deepa Thomas', 3, 'Male', 'AB+', 'Cardiology', '2024-05-02 10:45:59'),
('PAT-2025-00143', 'HSP-2025-KL-00004', 'Anjali Nambiar', 7, 'Male', 'AB-', 'Surgery', '2025-12-15 23:43:41'),
('PAT-2025-00144', 'HSP-2025-KL-00003', 'Aiswarya Nair', 64, 'Male', 'AB+', 'Cardiology', '2025-12-09 11:05:48'),
('PAT-2025-00145', 'HSP-2025-KL-00006', 'Arjun Varma', 69, 'Male', 'O+', 'Pediatric', '2026-01-29 04:53:43'),
('PAT-2025-00146', 'HSP-2025-KL-00001', 'Deepa Abraham', 67, 'Male', 'AB+', 'Pediatric', '2026-01-05 15:18:44'),
('PAT-2025-00147', 'HSP-2025-KL-00001', 'Arjun Chacko', 14, 'Female', 'AB+', 'Pediatric', '2024-11-29 19:34:00'),
('PAT-2025-00148', 'HSP-2025-KL-00001', 'Sandeep Krishnan', 18, 'Male', 'A-', 'General', '2024-01-21 03:54:49'),
('PAT-2025-00149', 'HSP-2025-KL-00004', 'Jithin Panicker', 23, 'Male', 'O-', 'Emergency', '2024-07-12 02:32:31'),
('PAT-2025-00150', 'HSP-2025-KL-00001', 'Saji Iyer', 87, 'Male', 'O+', 'Surgery', '2024-03-01 04:43:38');

-- HISTORICAL CLINICAL DATA
INSERT INTO `health_check` (`check_id`, `donor_id`, `check_date`, `weight`, `hemoglobin`, `blood_pressure`, `pulse`, `temperature`, `eligibility_status`) VALUES 
('HC-HIST-200', 'DNR-2025-00015', '2025-11-07 21:13:46', 57.2, 16.6, '118/88', 90, 36.6, 'Eligible'),
('HC-HIST-201', 'DNR-2025-00039', '2024-02-12 04:39:20', 73.1, 12.6, '111/72', 75, 36.6, 'Eligible'),
('HC-HIST-202', 'DNR-2025-00006', '2025-09-16 16:06:48', 50.2, 13.4, '110/88', 95, 36.6, 'Eligible'),
('HC-HIST-203', 'DNR-2025-00031', '2026-04-02 01:29:36', 52.3, 13.9, '133/70', 62, 36.6, 'Eligible'),
('HC-HIST-204', 'DNR-2025-00020', '2025-10-13 09:06:33', 72.9, 13.2, '135/90', 82, 36.6, 'Eligible'),
('HC-HIST-205', 'DNR-2025-00006', '2025-04-25 14:47:56', 58.0, 11.3, '130/76', 98, 36.6, 'Eligible'),
('HC-HIST-206', 'DNR-2025-00024', '2024-06-12 11:44:16', 87.8, 11.9, '117/90', 68, 36.6, 'Eligible'),
('HC-HIST-207', 'DNR-2025-00028', '2025-10-08 09:59:20', 66.7, 16.8, '117/77', 80, 36.6, 'Eligible'),
('HC-HIST-208', 'DNR-2025-00032', '2024-07-08 20:24:15', 56.7, 15.8, '113/76', 60, 36.6, 'Eligible'),
('HC-HIST-209', 'DNR-2025-00006', '2024-11-23 18:33:44', 82.2, 16.6, '130/86', 65, 36.6, 'Eligible'),
('HC-HIST-210', 'DNR-2025-00018', '2025-09-28 22:17:47', 64.4, 16.9, '113/71', 74, 36.6, 'Eligible'),
('HC-HIST-211', 'DNR-2025-00005', '2024-01-13 21:48:58', 58.6, 13.0, '117/82', 77, 36.6, 'Eligible'),
('HC-HIST-212', 'DNR-2025-00011', '2024-05-24 05:12:27', 69.1, 15.5, '123/71', 92, 36.6, 'Eligible'),
('HC-HIST-213', 'DNR-2025-00025', '2025-04-13 23:44:44', 54.3, 15.1, '134/71', 80, 36.6, 'Eligible'),
('HC-HIST-214', 'DNR-2025-00006', '2024-05-31 12:13:20', 51.8, 16.6, '111/80', 63, 36.6, 'Eligible'),
('HC-HIST-215', 'DNR-2025-00034', '2025-04-22 13:02:33', 60.1, 12.8, '114/88', 96, 36.6, 'Eligible'),
('HC-HIST-216', 'DNR-2025-00031', '2026-03-10 14:05:30', 88.5, 11.1, '119/83', 60, 36.6, 'Eligible'),
('HC-HIST-217', 'DNR-2025-00028', '2024-06-04 09:58:43', 76.4, 14.8, '120/89', 99, 36.6, 'Eligible'),
('HC-HIST-218', 'DNR-2025-00035', '2025-11-19 11:49:19', 61.6, 16.4, '131/85', 65, 36.6, 'Eligible'),
('HC-HIST-219', 'DNR-2025-00009', '2024-12-15 14:09:39', 50.4, 14.5, '128/79', 73, 36.6, 'Eligible'),
('HC-HIST-220', 'DNR-2025-00040', '2024-09-10 15:19:54', 51.5, 12.5, '117/90', 81, 36.6, 'Eligible'),
('HC-HIST-221', 'DNR-2025-00038', '2025-09-10 06:54:21', 72.6, 12.9, '124/83', 81, 36.6, 'Eligible'),
('HC-HIST-222', 'DNR-2025-00004', '2025-08-02 22:05:03', 76.8, 17.0, '128/80', 96, 36.6, 'Eligible'),
('HC-HIST-223', 'DNR-2025-00017', '2025-12-25 04:08:46', 65.9, 13.6, '112/89', 78, 36.6, 'Eligible'),
('HC-HIST-224', 'DNR-2025-00011', '2024-07-12 13:12:53', 87.0, 15.3, '123/90', 96, 36.6, 'Eligible'),
('HC-HIST-225', 'DNR-2025-00024', '2025-12-06 07:14:35', 65.6, 12.5, '119/89', 82, 36.6, 'Eligible'),
('HC-HIST-226', 'DNR-2025-00020', '2025-04-17 13:57:14', 87.4, 14.5, '127/70', 72, 36.6, 'Eligible'),
('HC-HIST-227', 'DNR-2025-00013', '2024-02-01 16:24:36', 56.1, 12.9, '131/89', 93, 36.6, 'Eligible'),
('HC-HIST-228', 'DNR-2025-00008', '2025-04-11 14:45:37', 83.9, 16.8, '113/73', 85, 36.6, 'Eligible'),
('HC-HIST-229', 'DNR-2025-00011', '2024-01-03 03:14:32', 63.5, 11.0, '118/90', 87, 36.6, 'Eligible'),
('HC-HIST-230', 'DNR-2025-00002', '2026-01-12 20:07:29', 89.6, 17.0, '125/80', 64, 36.6, 'Eligible'),
('HC-HIST-231', 'DNR-2025-00026', '2025-08-12 10:52:28', 65.6, 15.6, '121/81', 76, 36.6, 'Eligible'),
('HC-HIST-232', 'DNR-2025-00040', '2024-06-14 13:21:33', 69.1, 11.5, '125/74', 94, 36.6, 'Eligible'),
('HC-HIST-233', 'DNR-2025-00024', '2024-08-08 02:23:16', 77.4, 15.0, '110/76', 68, 36.6, 'Eligible'),
('HC-HIST-234', 'DNR-2025-00039', '2024-09-05 01:37:09', 80.5, 11.6, '134/90', 79, 36.6, 'Eligible'),
('HC-HIST-235', 'DNR-2025-00022', '2024-08-26 11:36:14', 54.5, 11.1, '132/81', 91, 36.6, 'Eligible'),
('HC-HIST-236', 'DNR-2025-00009', '2025-12-05 22:08:32', 72.7, 15.8, '125/80', 91, 36.6, 'Eligible'),
('HC-HIST-237', 'DNR-2025-00009', '2025-06-27 23:08:57', 79.0, 15.8, '128/75', 74, 36.6, 'Eligible'),
('HC-HIST-238', 'DNR-2025-00033', '2025-09-12 19:59:06', 60.3, 12.7, '125/87', 72, 36.6, 'Eligible'),
('HC-HIST-239', 'DNR-2025-00037', '2024-12-18 22:37:44', 86.7, 17.0, '116/81', 83, 36.6, 'Eligible'),
('HC-HIST-240', 'DNR-2025-00007', '2025-06-25 01:50:57', 66.8, 15.1, '128/89', 92, 36.6, 'Eligible'),
('HC-HIST-241', 'DNR-2025-00003', '2025-01-29 04:58:09', 68.1, 12.5, '110/83', 61, 36.6, 'Eligible'),
('HC-HIST-242', 'DNR-2025-00016', '2026-04-02 05:43:53', 59.5, 12.0, '119/79', 76, 36.6, 'Eligible'),
('HC-HIST-243', 'DNR-2025-00023', '2024-06-20 13:58:42', 50.5, 13.3, '121/79', 76, 36.6, 'Eligible'),
('HC-HIST-244', 'DNR-2025-00002', '2024-04-04 22:04:06', 62.4, 13.0, '132/74', 64, 36.6, 'Eligible'),
('HC-HIST-245', 'DNR-2025-00003', '2026-04-08 08:10:28', 72.2, 14.8, '113/74', 87, 36.6, 'Eligible'),
('HC-HIST-246', 'DNR-2025-00015', '2024-03-09 04:08:58', 85.6, 15.3, '110/87', 78, 36.6, 'Eligible'),
('HC-HIST-247', 'DNR-2025-00006', '2025-08-10 19:16:36', 84.8, 16.5, '132/80', 68, 36.6, 'Eligible'),
('HC-HIST-248', 'DNR-2025-00022', '2024-12-18 00:08:37', 77.9, 16.6, '130/81', 89, 36.6, 'Eligible'),
('HC-HIST-249', 'DNR-2025-00038', '2025-08-11 01:13:48', 59.0, 16.1, '113/75', 100, 36.6, 'Eligible'),
('HC-HIST-250', 'DNR-2025-00017', '2024-07-03 04:57:24', 57.9, 15.2, '118/76', 78, 36.6, 'Eligible'),
('HC-HIST-251', 'DNR-2025-00031', '2024-10-23 11:18:11', 58.8, 16.6, '129/73', 97, 36.6, 'Eligible'),
('HC-HIST-252', 'DNR-2025-00021', '2025-07-07 19:46:11', 79.5, 16.8, '118/70', 69, 36.6, 'Eligible'),
('HC-HIST-253', 'DNR-2025-00019', '2024-06-27 09:36:43', 66.4, 14.5, '111/86', 92, 36.6, 'Eligible'),
('HC-HIST-254', 'DNR-2025-00022', '2024-05-21 00:01:23', 84.2, 12.3, '124/83', 80, 36.6, 'Eligible'),
('HC-HIST-255', 'DNR-2025-00018', '2025-02-07 07:18:20', 68.7, 12.4, '121/86', 82, 36.6, 'Eligible'),
('HC-HIST-256', 'DNR-2025-00017', '2025-10-24 00:54:28', 72.2, 13.9, '118/89', 63, 36.6, 'Eligible'),
('HC-HIST-257', 'DNR-2025-00014', '2025-01-21 04:24:27', 56.9, 15.5, '130/89', 89, 36.6, 'Eligible'),
('HC-HIST-258', 'DNR-2025-00017', '2024-08-12 19:00:50', 87.4, 15.5, '110/78', 63, 36.6, 'Eligible'),
('HC-HIST-259', 'DNR-2025-00018', '2024-09-30 13:54:00', 69.8, 12.9, '134/80', 89, 36.6, 'Eligible'),
('HC-HIST-260', 'DNR-2025-00006', '2024-10-24 14:31:15', 63.5, 15.1, '117/74', 96, 36.6, 'Eligible'),
('HC-HIST-261', 'DNR-2025-00015', '2025-11-16 12:43:33', 70.7, 13.0, '114/88', 69, 36.6, 'Eligible'),
('HC-HIST-262', 'DNR-2025-00037', '2024-12-07 20:24:08', 68.2, 11.1, '124/77', 64, 36.6, 'Eligible'),
('HC-HIST-263', 'DNR-2025-00037', '2026-01-23 19:51:44', 77.8, 13.1, '112/74', 84, 36.6, 'Eligible'),
('HC-HIST-264', 'DNR-2025-00031', '2024-12-21 02:26:07', 59.9, 15.7, '134/79', 87, 36.6, 'Eligible'),
('HC-HIST-265', 'DNR-2025-00032', '2024-12-28 16:30:48', 74.6, 13.2, '120/70', 81, 36.6, 'Eligible'),
('HC-HIST-266', 'DNR-2025-00035', '2024-12-20 03:29:55', 77.6, 12.0, '124/75', 76, 36.6, 'Eligible'),
('HC-HIST-267', 'DNR-2025-00006', '2025-05-23 13:47:52', 75.0, 12.7, '115/77', 85, 36.6, 'Eligible'),
('HC-HIST-268', 'DNR-2025-00011', '2025-12-23 06:35:20', 83.7, 11.5, '132/84', 67, 36.6, 'Eligible'),
('HC-HIST-269', 'DNR-2025-00039', '2024-03-06 07:04:06', 88.3, 14.4, '115/72', 67, 36.6, 'Eligible'),
('HC-HIST-270', 'DNR-2025-00008', '2024-02-20 22:03:31', 51.0, 12.8, '132/71', 75, 36.6, 'Eligible'),
('HC-HIST-271', 'DNR-2025-00022', '2025-12-24 08:08:33', 53.3, 16.5, '127/78', 65, 36.6, 'Eligible'),
('HC-HIST-272', 'DNR-2025-00003', '2024-07-29 18:18:35', 51.0, 16.0, '119/88', 74, 36.6, 'Eligible'),
('HC-HIST-273', 'DNR-2025-00022', '2024-02-19 04:41:47', 83.6, 12.7, '112/77', 66, 36.6, 'Eligible'),
('HC-HIST-274', 'DNR-2025-00032', '2025-07-16 21:40:07', 71.4, 11.3, '129/87', 70, 36.6, 'Eligible'),
('HC-HIST-275', 'DNR-2025-00032', '2025-08-19 11:56:51', 72.8, 14.0, '114/71', 82, 36.6, 'Eligible'),
('HC-HIST-276', 'DNR-2025-00040', '2024-02-06 01:48:19', 77.6, 11.7, '118/86', 60, 36.6, 'Eligible'),
('HC-HIST-277', 'DNR-2025-00024', '2025-08-21 21:44:12', 75.2, 16.6, '117/78', 77, 36.6, 'Eligible'),
('HC-HIST-278', 'DNR-2025-00023', '2024-12-29 08:08:58', 64.8, 12.4, '113/82', 66, 36.6, 'Eligible'),
('HC-HIST-279', 'DNR-2025-00022', '2025-11-11 19:18:29', 73.7, 14.7, '113/88', 68, 36.6, 'Eligible'),
('HC-HIST-280', 'DNR-2025-00029', '2024-06-04 08:01:46', 69.7, 13.9, '129/80', 98, 36.6, 'Eligible'),
('HC-HIST-281', 'DNR-2025-00004', '2024-09-04 05:38:30', 68.2, 12.8, '122/72', 75, 36.6, 'Eligible'),
('HC-HIST-282', 'DNR-2025-00013', '2025-12-20 13:20:17', 54.6, 14.4, '127/75', 73, 36.6, 'Eligible'),
('HC-HIST-283', 'DNR-2025-00017', '2024-09-22 10:36:35', 77.0, 13.3, '123/83', 90, 36.6, 'Eligible'),
('HC-HIST-284', 'DNR-2025-00026', '2025-11-29 20:24:59', 84.3, 13.9, '120/80', 65, 36.6, 'Eligible'),
('HC-HIST-285', 'DNR-2025-00005', '2025-02-16 00:06:48', 57.1, 12.6, '112/73', 88, 36.6, 'Eligible'),
('HC-HIST-286', 'DNR-2025-00009', '2024-10-02 19:06:37', 52.2, 15.2, '115/82', 74, 36.6, 'Eligible'),
('HC-HIST-287', 'DNR-2025-00002', '2024-10-28 04:17:38', 78.5, 16.0, '126/80', 79, 36.6, 'Eligible'),
('HC-HIST-288', 'DNR-2025-00023', '2025-01-18 23:19:41', 74.7, 14.3, '120/85', 98, 36.6, 'Eligible'),
('HC-HIST-289', 'DNR-2025-00023', '2025-03-26 21:39:37', 65.5, 13.3, '123/77', 72, 36.6, 'Eligible'),
('HC-HIST-290', 'DNR-2025-00030', '2025-01-15 11:00:23', 72.7, 14.7, '119/70', 81, 36.6, 'Eligible'),
('HC-HIST-291', 'DNR-2025-00016', '2026-03-28 00:15:14', 60.6, 12.5, '131/87', 78, 36.6, 'Eligible'),
('HC-HIST-292', 'DNR-2025-00003', '2024-03-17 07:03:17', 56.0, 13.5, '121/81', 82, 36.6, 'Eligible'),
('HC-HIST-293', 'DNR-2025-00039', '2026-04-02 09:40:49', 68.9, 13.1, '123/86', 97, 36.6, 'Eligible'),
('HC-HIST-294', 'DNR-2025-00032', '2025-11-13 18:07:40', 75.6, 12.9, '133/90', 84, 36.6, 'Eligible'),
('HC-HIST-295', 'DNR-2025-00018', '2025-04-08 22:28:43', 84.7, 12.1, '120/86', 88, 36.6, 'Eligible'),
('HC-HIST-296', 'DNR-2025-00028', '2025-01-30 03:42:38', 56.6, 15.4, '132/77', 68, 36.6, 'Eligible'),
('HC-HIST-297', 'DNR-2025-00022', '2024-08-06 03:53:22', 57.9, 16.8, '129/82', 93, 36.6, 'Eligible'),
('HC-HIST-298', 'DNR-2025-00036', '2024-08-24 00:35:10', 82.2, 15.4, '129/81', 92, 36.6, 'Eligible'),
('HC-HIST-299', 'DNR-2025-00027', '2025-04-09 22:50:03', 78.6, 14.3, '110/89', 80, 36.6, 'Eligible'),
('HC-HIST-300', 'DNR-2025-00038', '2025-11-07 01:05:51', 56.0, 13.8, '118/72', 68, 36.6, 'Eligible'),
('HC-HIST-301', 'DNR-2025-00020', '2024-10-07 10:27:47', 68.2, 16.9, '132/89', 96, 36.6, 'Eligible'),
('HC-HIST-302', 'DNR-2025-00003', '2025-12-21 21:54:16', 65.1, 16.2, '118/84', 80, 36.6, 'Eligible'),
('HC-HIST-303', 'DNR-2025-00038', '2024-06-23 07:30:48', 57.7, 13.3, '121/74', 73, 36.6, 'Eligible'),
('HC-HIST-304', 'DNR-2025-00039', '2026-02-27 17:22:57', 85.7, 15.4, '120/84', 74, 36.6, 'Eligible'),
('HC-HIST-305', 'DNR-2025-00007', '2024-09-11 20:48:07', 52.9, 11.2, '112/85', 69, 36.6, 'Eligible'),
('HC-HIST-306', 'DNR-2025-00015', '2024-04-01 22:17:49', 62.9, 15.0, '120/89', 89, 36.6, 'Eligible'),
('HC-HIST-307', 'DNR-2025-00012', '2024-11-05 23:58:52', 62.2, 11.7, '132/76', 88, 36.6, 'Eligible'),
('HC-HIST-308', 'DNR-2025-00016', '2024-07-23 12:43:11', 73.4, 13.2, '127/90', 94, 36.6, 'Eligible'),
('HC-HIST-309', 'DNR-2025-00031', '2025-11-13 09:56:40', 71.6, 14.6, '133/72', 81, 36.6, 'Eligible'),
('HC-HIST-310', 'DNR-2025-00015', '2024-01-03 22:13:21', 79.9, 12.7, '121/80', 73, 36.6, 'Eligible'),
('HC-HIST-311', 'DNR-2025-00010', '2024-06-03 15:23:56', 67.7, 14.1, '130/73', 76, 36.6, 'Eligible'),
('HC-HIST-312', 'DNR-2025-00036', '2025-02-23 06:03:10', 66.2, 12.2, '124/85', 89, 36.6, 'Eligible'),
('HC-HIST-313', 'DNR-2025-00015', '2024-02-14 19:15:35', 72.5, 14.9, '114/86', 86, 36.6, 'Eligible'),
('HC-HIST-314', 'DNR-2025-00039', '2026-01-31 18:16:56', 55.4, 15.6, '121/76', 79, 36.6, 'Eligible'),
('HC-HIST-315', 'DNR-2025-00003', '2025-10-28 18:33:00', 80.0, 16.5, '132/80', 74, 36.6, 'Eligible'),
('HC-HIST-316', 'DNR-2025-00015', '2024-04-20 14:47:12', 73.0, 13.0, '110/81', 70, 36.6, 'Eligible'),
('HC-HIST-317', 'DNR-2025-00001', '2026-03-31 18:21:50', 71.3, 14.0, '119/78', 67, 36.6, 'Eligible'),
('HC-HIST-318', 'DNR-2025-00040', '2024-08-28 07:42:29', 85.2, 14.8, '129/73', 81, 36.6, 'Eligible'),
('HC-HIST-319', 'DNR-2025-00004', '2024-11-24 23:38:03', 68.2, 13.4, '123/81', 99, 36.6, 'Eligible'),
('HC-HIST-320', 'DNR-2025-00005', '2025-02-27 01:56:18', 64.4, 17.0, '132/75', 78, 36.6, 'Eligible'),
('HC-HIST-321', 'DNR-2025-00005', '2025-02-26 21:40:12', 82.6, 13.1, '119/83', 68, 36.6, 'Eligible'),
('HC-HIST-322', 'DNR-2025-00018', '2024-07-27 02:22:34', 84.9, 15.6, '129/75', 62, 36.6, 'Eligible'),
('HC-HIST-323', 'DNR-2025-00034', '2024-03-16 21:39:42', 56.8, 13.1, '121/70', 96, 36.6, 'Eligible'),
('HC-HIST-324', 'DNR-2025-00037', '2024-03-01 10:03:12', 70.1, 15.4, '114/85', 62, 36.6, 'Eligible'),
('HC-HIST-325', 'DNR-2025-00015', '2024-12-02 10:58:49', 55.4, 11.8, '111/90', 94, 36.6, 'Eligible'),
('HC-HIST-326', 'DNR-2025-00020', '2025-06-13 14:12:25', 89.1, 16.2, '129/87', 88, 36.6, 'Eligible'),
('HC-HIST-327', 'DNR-2025-00029', '2025-08-09 11:21:14', 50.5, 13.9, '123/70', 69, 36.6, 'Eligible'),
('HC-HIST-328', 'DNR-2025-00007', '2024-05-13 02:16:00', 51.9, 13.4, '131/84', 87, 36.6, 'Eligible'),
('HC-HIST-329', 'DNR-2025-00039', '2025-07-15 10:54:54', 51.0, 14.9, '125/76', 83, 36.6, 'Eligible'),
('HC-HIST-330', 'DNR-2025-00008', '2024-01-05 15:53:25', 75.8, 16.0, '125/80', 88, 36.6, 'Eligible'),
('HC-HIST-331', 'DNR-2025-00032', '2025-03-02 16:24:28', 64.7, 13.8, '132/86', 84, 36.6, 'Eligible'),
('HC-HIST-332', 'DNR-2025-00036', '2024-11-09 08:53:37', 87.0, 12.1, '133/76', 81, 36.6, 'Eligible'),
('HC-HIST-333', 'DNR-2025-00001', '2025-03-14 16:51:41', 64.2, 16.0, '123/72', 90, 36.6, 'Eligible'),
('HC-HIST-334', 'DNR-2025-00005', '2025-07-30 00:54:56', 66.8, 16.9, '128/76', 69, 36.6, 'Eligible'),
('HC-HIST-335', 'DNR-2025-00037', '2025-08-17 22:30:15', 86.0, 15.7, '111/87', 90, 36.6, 'Eligible'),
('HC-HIST-336', 'DNR-2025-00022', '2025-04-30 23:53:08', 75.2, 12.2, '127/80', 61, 36.6, 'Eligible'),
('HC-HIST-337', 'DNR-2025-00007', '2024-10-05 10:48:00', 73.3, 15.9, '113/80', 69, 36.6, 'Eligible'),
('HC-HIST-338', 'DNR-2025-00008', '2024-01-12 04:51:20', 78.9, 15.9, '132/72', 91, 36.6, 'Eligible'),
('HC-HIST-339', 'DNR-2025-00015', '2024-05-25 09:37:53', 79.2, 11.6, '122/81', 84, 36.6, 'Eligible'),
('HC-HIST-340', 'DNR-2025-00021', '2025-07-13 07:44:26', 60.3, 12.7, '125/88', 85, 36.6, 'Eligible'),
('HC-HIST-341', 'DNR-2025-00031', '2024-04-12 11:05:14', 86.4, 15.7, '115/82', 90, 36.6, 'Eligible'),
('HC-HIST-342', 'DNR-2025-00023', '2025-01-17 03:22:30', 68.4, 16.4, '128/70', 80, 36.6, 'Eligible'),
('HC-HIST-343', 'DNR-2025-00002', '2024-10-18 05:26:07', 56.3, 16.9, '127/77', 62, 36.6, 'Eligible'),
('HC-HIST-344', 'DNR-2025-00002', '2025-06-04 18:41:54', 65.8, 14.5, '134/90', 64, 36.6, 'Eligible'),
('HC-HIST-345', 'DNR-2025-00001', '2025-01-31 09:54:48', 59.5, 16.0, '115/73', 61, 36.6, 'Eligible'),
('HC-HIST-346', 'DNR-2025-00017', '2025-07-24 01:32:06', 77.3, 15.1, '133/90', 71, 36.6, 'Eligible'),
('HC-HIST-347', 'DNR-2025-00025', '2024-10-02 11:48:54', 64.3, 14.5, '128/77', 92, 36.6, 'Eligible'),
('HC-HIST-348', 'DNR-2025-00033', '2024-11-21 22:38:44', 82.7, 15.5, '127/81', 84, 36.6, 'Eligible'),
('HC-HIST-349', 'DNR-2025-00036', '2024-11-23 05:47:53', 83.6, 16.7, '132/79', 86, 36.6, 'Eligible'),
('HC-HIST-350', 'DNR-2025-00016', '2024-01-01 13:49:20', 81.8, 13.3, '126/70', 93, 36.6, 'Eligible'),
('HC-HIST-351', 'DNR-2025-00023', '2024-06-06 23:02:50', 88.7, 14.4, '122/77', 73, 36.6, 'Eligible'),
('HC-HIST-352', 'DNR-2025-00029', '2024-06-16 00:08:36', 53.7, 13.6, '125/87', 79, 36.6, 'Eligible'),
('HC-HIST-353', 'DNR-2025-00032', '2024-11-04 19:20:45', 55.8, 11.7, '134/75', 99, 36.6, 'Eligible'),
('HC-HIST-354', 'DNR-2025-00019', '2025-08-13 05:28:06', 84.1, 13.5, '114/90', 89, 36.6, 'Eligible'),
('HC-HIST-355', 'DNR-2025-00035', '2026-03-28 11:08:17', 71.3, 12.7, '119/79', 76, 36.6, 'Eligible'),
('HC-HIST-356', 'DNR-2025-00006', '2025-11-21 04:58:25', 64.7, 16.1, '131/78', 80, 36.6, 'Eligible'),
('HC-HIST-357', 'DNR-2025-00019', '2024-08-28 05:43:19', 68.2, 14.3, '121/86', 76, 36.6, 'Eligible'),
('HC-HIST-358', 'DNR-2025-00007', '2024-03-10 01:28:47', 64.5, 16.8, '130/77', 90, 36.6, 'Eligible'),
('HC-HIST-359', 'DNR-2025-00034', '2025-12-09 16:16:33', 74.6, 15.1, '133/84', 66, 36.6, 'Eligible'),
('HC-HIST-360', 'DNR-2025-00040', '2025-08-11 08:47:05', 68.8, 15.5, '128/78', 99, 36.6, 'Eligible'),
('HC-HIST-361', 'DNR-2025-00009', '2025-12-30 01:31:59', 64.4, 11.5, '118/78', 95, 36.6, 'Eligible'),
('HC-HIST-362', 'DNR-2025-00027', '2025-02-10 09:54:40', 62.2, 14.7, '116/76', 62, 36.6, 'Eligible'),
('HC-HIST-363', 'DNR-2025-00026', '2024-06-30 16:42:42', 50.1, 11.0, '122/83', 99, 36.6, 'Eligible'),
('HC-HIST-364', 'DNR-2025-00038', '2024-02-20 15:17:35', 76.2, 16.8, '125/90', 92, 36.6, 'Eligible'),
('HC-HIST-365', 'DNR-2025-00027', '2024-09-23 19:55:06', 60.3, 11.6, '127/89', 62, 36.6, 'Eligible'),
('HC-HIST-366', 'DNR-2025-00040', '2024-04-13 08:02:17', 76.7, 15.9, '129/78', 94, 36.6, 'Eligible'),
('HC-HIST-367', 'DNR-2025-00017', '2025-06-18 20:49:07', 65.2, 12.1, '114/78', 74, 36.6, 'Eligible'),
('HC-HIST-368', 'DNR-2025-00015', '2024-01-24 03:58:27', 55.6, 15.1, '115/82', 68, 36.6, 'Eligible'),
('HC-HIST-369', 'DNR-2025-00031', '2024-10-18 22:13:31', 50.3, 11.5, '134/88', 87, 36.6, 'Eligible'),
('HC-HIST-370', 'DNR-2025-00032', '2025-04-12 23:40:27', 60.2, 12.3, '118/89', 71, 36.6, 'Eligible'),
('HC-HIST-371', 'DNR-2025-00008', '2026-02-12 14:25:13', 84.2, 15.3, '114/81', 99, 36.6, 'Eligible'),
('HC-HIST-372', 'DNR-2025-00032', '2024-07-19 18:17:36', 85.6, 15.7, '124/83', 95, 36.6, 'Eligible'),
('HC-HIST-373', 'DNR-2025-00014', '2024-10-14 07:20:38', 51.2, 14.1, '117/86', 64, 36.6, 'Eligible'),
('HC-HIST-374', 'DNR-2025-00016', '2025-03-04 04:10:38', 72.3, 11.9, '112/72', 90, 36.6, 'Eligible'),
('HC-HIST-375', 'DNR-2025-00010', '2026-01-04 06:36:48', 64.6, 13.6, '115/89', 85, 36.6, 'Eligible'),
('HC-HIST-376', 'DNR-2025-00036', '2024-10-06 06:27:33', 59.4, 11.5, '117/73', 66, 36.6, 'Eligible'),
('HC-HIST-377', 'DNR-2025-00003', '2025-10-24 01:09:31', 60.1, 12.2, '135/83', 79, 36.6, 'Eligible'),
('HC-HIST-378', 'DNR-2025-00040', '2024-11-12 10:13:20', 58.2, 16.8, '125/77', 83, 36.6, 'Eligible'),
('HC-HIST-379', 'DNR-2025-00018', '2025-11-18 03:22:56', 54.6, 13.5, '130/83', 77, 36.6, 'Eligible'),
('HC-HIST-380', 'DNR-2025-00026', '2024-01-19 01:40:28', 50.7, 16.5, '113/72', 94, 36.6, 'Eligible'),
('HC-HIST-381', 'DNR-2025-00018', '2024-09-16 05:27:33', 71.0, 13.9, '126/87', 72, 36.6, 'Eligible'),
('HC-HIST-382', 'DNR-2025-00026', '2025-01-21 05:01:16', 80.3, 13.2, '129/71', 78, 36.6, 'Eligible'),
('HC-HIST-383', 'DNR-2025-00003', '2025-01-25 19:59:39', 88.6, 16.9, '115/88', 89, 36.6, 'Eligible'),
('HC-HIST-384', 'DNR-2025-00020', '2024-03-18 00:47:14', 76.2, 15.0, '118/82', 94, 36.6, 'Eligible'),
('HC-HIST-385', 'DNR-2025-00037', '2024-02-28 12:11:57', 50.3, 15.8, '132/82', 94, 36.6, 'Eligible'),
('HC-HIST-386', 'DNR-2025-00009', '2024-05-15 18:05:12', 50.0, 14.6, '120/70', 76, 36.6, 'Eligible'),
('HC-HIST-387', 'DNR-2025-00023', '2024-09-29 20:46:06', 82.9, 12.9, '133/89', 63, 36.6, 'Eligible'),
('HC-HIST-388', 'DNR-2025-00015', '2024-08-26 18:09:40', 72.1, 16.4, '110/86', 74, 36.6, 'Eligible'),
('HC-HIST-389', 'DNR-2025-00008', '2024-03-17 08:59:59', 87.6, 12.4, '115/75', 82, 36.6, 'Eligible'),
('HC-HIST-390', 'DNR-2025-00027', '2024-07-18 09:59:54', 74.1, 16.2, '115/88', 97, 36.6, 'Eligible'),
('HC-HIST-391', 'DNR-2025-00023', '2025-08-16 21:31:18', 67.3, 11.0, '134/72', 84, 36.6, 'Eligible'),
('HC-HIST-392', 'DNR-2025-00011', '2025-06-15 10:25:34', 53.5, 14.3, '125/80', 84, 36.6, 'Eligible'),
('HC-HIST-393', 'DNR-2025-00022', '2025-01-18 17:58:56', 62.6, 16.0, '126/89', 76, 36.6, 'Eligible'),
('HC-HIST-394', 'DNR-2025-00034', '2025-05-28 13:54:04', 74.5, 16.0, '132/79', 82, 36.6, 'Eligible'),
('HC-HIST-395', 'DNR-2025-00017', '2024-07-24 02:57:55', 75.0, 14.8, '120/88', 97, 36.6, 'Eligible'),
('HC-HIST-396', 'DNR-2025-00020', '2025-02-07 09:14:40', 56.3, 13.0, '128/87', 67, 36.6, 'Eligible'),
('HC-HIST-397', 'DNR-2025-00029', '2024-11-25 17:42:44', 70.5, 15.7, '116/88', 98, 36.6, 'Eligible'),
('HC-HIST-398', 'DNR-2025-00030', '2024-11-14 03:23:40', 68.3, 11.9, '113/82', 66, 36.6, 'Eligible'),
('HC-HIST-399', 'DNR-2025-00006', '2024-12-21 01:35:00', 74.4, 15.9, '118/87', 72, 36.6, 'Eligible'),
('HC-HIST-400', 'DNR-2025-00039', '2025-01-25 05:04:43', 71.0, 16.7, '111/70', 86, 36.6, 'Eligible');

INSERT INTO `donation_record` (`donation_id`, `donor_id`, `bank_id`, `check_id`, `donation_date`, `quantity_ml`, `blood_group`) VALUES 
('DON-HIST-0', 'DNR-2025-00029', 'BNK-2025-KL-00002', 'HC-HIST-200', '2024-11-20 14:42:49', 450, 'A+'),
('DON-HIST-1', 'DNR-2025-00033', 'BNK-2025-KL-00004', 'HC-HIST-201', '2025-09-21 17:53:40', 450, 'O+'),
('DON-HIST-2', 'DNR-2025-00030', 'BNK-2025-KL-00004', 'HC-HIST-202', '2024-01-11 21:02:12', 450, 'AB+'),
('DON-HIST-3', 'DNR-2025-00038', 'BNK-2025-KL-00003', 'HC-HIST-203', '2025-01-04 02:09:34', 450, 'B+'),
('DON-HIST-4', 'DNR-2025-00024', 'BNK-2025-KL-00004', 'HC-HIST-204', '2025-12-04 19:03:46', 450, 'AB-'),
('DON-HIST-5', 'DNR-2025-00012', 'BNK-2025-KL-00004', 'HC-HIST-205', '2024-07-31 06:55:28', 450, 'O-'),
('DON-HIST-6', 'DNR-2025-00016', 'BNK-2025-KL-00004', 'HC-HIST-206', '2025-05-09 23:26:20', 450, 'B-'),
('DON-HIST-7', 'DNR-2025-00014', 'BNK-2025-KL-00004', 'HC-HIST-207', '2024-12-07 07:00:19', 450, 'AB+'),
('DON-HIST-8', 'DNR-2025-00026', 'BNK-2025-KL-00005', 'HC-HIST-208', '2026-01-11 16:23:54', 450, 'B+'),
('DON-HIST-9', 'DNR-2025-00019', 'BNK-2025-KL-00003', 'HC-HIST-209', '2024-10-22 22:27:58', 450, 'AB+'),
('DON-HIST-10', 'DNR-2025-00020', 'BNK-2025-KL-00005', 'HC-HIST-210', '2025-11-05 00:48:53', 450, 'A-'),
('DON-HIST-11', 'DNR-2025-00019', 'BNK-2025-KL-00002', 'HC-HIST-211', '2026-04-06 13:49:35', 450, 'A+'),
('DON-HIST-12', 'DNR-2025-00009', 'BNK-2025-KL-00005', 'HC-HIST-212', '2024-12-08 12:23:32', 450, 'AB+'),
('DON-HIST-13', 'DNR-2025-00006', 'BNK-2025-KL-00003', 'HC-HIST-213', '2025-10-11 07:19:17', 450, 'A+'),
('DON-HIST-14', 'DNR-2025-00031', 'BNK-2025-KL-00004', 'HC-HIST-214', '2024-01-31 15:24:21', 450, 'AB+'),
('DON-HIST-15', 'DNR-2025-00038', 'BNK-2025-KL-00003', 'HC-HIST-215', '2024-03-20 20:58:19', 450, 'AB-'),
('DON-HIST-16', 'DNR-2025-00009', 'BNK-2025-KL-00003', 'HC-HIST-216', '2026-04-01 23:50:24', 450, 'A-'),
('DON-HIST-17', 'DNR-2025-00022', 'BNK-2025-KL-00003', 'HC-HIST-217', '2026-02-08 17:36:17', 450, 'AB-'),
('DON-HIST-18', 'DNR-2025-00031', 'BNK-2025-KL-00002', 'HC-HIST-218', '2025-04-15 13:25:53', 450, 'B-'),
('DON-HIST-19', 'DNR-2025-00012', 'BNK-2025-KL-00003', 'HC-HIST-219', '2026-01-20 23:27:15', 450, 'A+'),
('DON-HIST-20', 'DNR-2025-00040', 'BNK-2025-KL-00002', 'HC-HIST-220', '2024-09-29 01:18:53', 450, 'O+'),
('DON-HIST-21', 'DNR-2025-00027', 'BNK-2025-KL-00003', 'HC-HIST-221', '2024-08-01 04:42:56', 450, 'AB+'),
('DON-HIST-22', 'DNR-2025-00026', 'BNK-2025-KL-00004', 'HC-HIST-222', '2025-12-09 16:51:17', 450, 'O+'),
('DON-HIST-23', 'DNR-2025-00006', 'BNK-2025-KL-00001', 'HC-HIST-223', '2024-12-31 23:32:33', 450, 'A-'),
('DON-HIST-24', 'DNR-2025-00023', 'BNK-2025-KL-00002', 'HC-HIST-224', '2024-06-21 23:51:26', 450, 'O+'),
('DON-HIST-25', 'DNR-2025-00021', 'BNK-2025-KL-00005', 'HC-HIST-225', '2025-12-16 19:40:28', 450, 'A-'),
('DON-HIST-26', 'DNR-2025-00009', 'BNK-2025-KL-00001', 'HC-HIST-226', '2025-01-28 19:53:26', 450, 'AB+'),
('DON-HIST-27', 'DNR-2025-00032', 'BNK-2025-KL-00002', 'HC-HIST-227', '2025-02-15 16:28:10', 450, 'O-'),
('DON-HIST-28', 'DNR-2025-00024', 'BNK-2025-KL-00004', 'HC-HIST-228', '2026-04-04 07:03:28', 450, 'AB-'),
('DON-HIST-29', 'DNR-2025-00009', 'BNK-2025-KL-00002', 'HC-HIST-229', '2024-10-27 07:25:47', 450, 'AB+'),
('DON-HIST-30', 'DNR-2025-00016', 'BNK-2025-KL-00005', 'HC-HIST-230', '2025-09-19 07:49:02', 450, 'B+'),
('DON-HIST-31', 'DNR-2025-00028', 'BNK-2025-KL-00003', 'HC-HIST-231', '2025-05-24 01:21:00', 450, 'B+'),
('DON-HIST-32', 'DNR-2025-00004', 'BNK-2025-KL-00002', 'HC-HIST-232', '2024-06-08 00:10:55', 450, 'A+'),
('DON-HIST-33', 'DNR-2025-00002', 'BNK-2025-KL-00005', 'HC-HIST-233', '2024-05-09 08:46:56', 450, 'AB-'),
('DON-HIST-34', 'DNR-2025-00032', 'BNK-2025-KL-00004', 'HC-HIST-234', '2024-06-08 22:03:56', 450, 'B-'),
('DON-HIST-35', 'DNR-2025-00019', 'BNK-2025-KL-00005', 'HC-HIST-235', '2025-04-04 04:29:15', 450, 'B+'),
('DON-HIST-36', 'DNR-2025-00031', 'BNK-2025-KL-00004', 'HC-HIST-236', '2025-09-16 16:35:00', 450, 'AB+'),
('DON-HIST-37', 'DNR-2025-00023', 'BNK-2025-KL-00005', 'HC-HIST-237', '2024-02-09 06:15:10', 450, 'B+'),
('DON-HIST-38', 'DNR-2025-00038', 'BNK-2025-KL-00002', 'HC-HIST-238', '2025-05-18 08:52:48', 450, 'AB-'),
('DON-HIST-39', 'DNR-2025-00001', 'BNK-2025-KL-00003', 'HC-HIST-239', '2025-04-16 02:42:56', 450, 'AB-'),
('DON-HIST-40', 'DNR-2025-00021', 'BNK-2025-KL-00001', 'HC-HIST-240', '2024-11-10 03:53:47', 450, 'A+'),
('DON-HIST-41', 'DNR-2025-00024', 'BNK-2025-KL-00001', 'HC-HIST-241', '2026-03-20 20:36:16', 450, 'A+'),
('DON-HIST-42', 'DNR-2025-00024', 'BNK-2025-KL-00003', 'HC-HIST-242', '2025-02-11 14:24:56', 450, 'O+'),
('DON-HIST-43', 'DNR-2025-00005', 'BNK-2025-KL-00005', 'HC-HIST-243', '2025-04-16 17:36:42', 450, 'B-'),
('DON-HIST-44', 'DNR-2025-00028', 'BNK-2025-KL-00001', 'HC-HIST-244', '2025-05-09 09:34:07', 450, 'AB+'),
('DON-HIST-45', 'DNR-2025-00030', 'BNK-2025-KL-00001', 'HC-HIST-245', '2025-10-26 21:05:02', 450, 'AB+'),
('DON-HIST-46', 'DNR-2025-00040', 'BNK-2025-KL-00004', 'HC-HIST-246', '2026-01-23 23:49:10', 450, 'A-'),
('DON-HIST-47', 'DNR-2025-00029', 'BNK-2025-KL-00001', 'HC-HIST-247', '2025-09-02 23:13:09', 450, 'A+'),
('DON-HIST-48', 'DNR-2025-00003', 'BNK-2025-KL-00001', 'HC-HIST-248', '2024-12-09 23:30:10', 450, 'O+'),
('DON-HIST-49', 'DNR-2025-00018', 'BNK-2025-KL-00004', 'HC-HIST-249', '2024-04-13 19:12:09', 450, 'AB-'),
('DON-HIST-50', 'DNR-2025-00026', 'BNK-2025-KL-00004', 'HC-HIST-250', '2025-09-01 21:54:36', 450, 'B-'),
('DON-HIST-51', 'DNR-2025-00020', 'BNK-2025-KL-00004', 'HC-HIST-251', '2024-05-15 06:07:06', 450, 'A-'),
('DON-HIST-52', 'DNR-2025-00004', 'BNK-2025-KL-00002', 'HC-HIST-252', '2024-05-12 08:58:58', 450, 'AB+'),
('DON-HIST-53', 'DNR-2025-00013', 'BNK-2025-KL-00004', 'HC-HIST-253', '2025-07-19 10:46:54', 450, 'AB+'),
('DON-HIST-54', 'DNR-2025-00019', 'BNK-2025-KL-00005', 'HC-HIST-254', '2024-03-15 02:48:48', 450, 'A+'),
('DON-HIST-55', 'DNR-2025-00019', 'BNK-2025-KL-00004', 'HC-HIST-255', '2024-12-20 17:20:16', 450, 'AB+'),
('DON-HIST-56', 'DNR-2025-00019', 'BNK-2025-KL-00003', 'HC-HIST-256', '2024-08-15 11:39:55', 450, 'AB-'),
('DON-HIST-57', 'DNR-2025-00005', 'BNK-2025-KL-00001', 'HC-HIST-257', '2024-09-23 20:13:03', 450, 'B-'),
('DON-HIST-58', 'DNR-2025-00031', 'BNK-2025-KL-00001', 'HC-HIST-258', '2026-01-12 14:56:14', 450, 'A-'),
('DON-HIST-59', 'DNR-2025-00037', 'BNK-2025-KL-00005', 'HC-HIST-259', '2024-06-03 22:55:57', 450, 'A+'),
('DON-HIST-60', 'DNR-2025-00009', 'BNK-2025-KL-00002', 'HC-HIST-260', '2024-08-25 14:21:28', 450, 'O+'),
('DON-HIST-61', 'DNR-2025-00036', 'BNK-2025-KL-00001', 'HC-HIST-261', '2025-04-04 02:32:36', 450, 'AB-'),
('DON-HIST-62', 'DNR-2025-00034', 'BNK-2025-KL-00003', 'HC-HIST-262', '2025-12-09 06:22:43', 450, 'B-'),
('DON-HIST-63', 'DNR-2025-00002', 'BNK-2025-KL-00002', 'HC-HIST-263', '2025-06-09 11:47:11', 450, 'A-'),
('DON-HIST-64', 'DNR-2025-00006', 'BNK-2025-KL-00005', 'HC-HIST-264', '2025-05-01 04:47:44', 450, 'B-'),
('DON-HIST-65', 'DNR-2025-00030', 'BNK-2025-KL-00002', 'HC-HIST-265', '2024-08-20 23:31:16', 450, 'O+'),
('DON-HIST-66', 'DNR-2025-00027', 'BNK-2025-KL-00001', 'HC-HIST-266', '2025-04-16 14:46:20', 450, 'O-'),
('DON-HIST-67', 'DNR-2025-00034', 'BNK-2025-KL-00003', 'HC-HIST-267', '2025-07-17 21:07:56', 450, 'AB-'),
('DON-HIST-68', 'DNR-2025-00031', 'BNK-2025-KL-00004', 'HC-HIST-268', '2024-12-07 10:18:18', 450, 'B-'),
('DON-HIST-69', 'DNR-2025-00012', 'BNK-2025-KL-00003', 'HC-HIST-269', '2025-07-21 10:33:08', 450, 'B-'),
('DON-HIST-70', 'DNR-2025-00024', 'BNK-2025-KL-00005', 'HC-HIST-270', '2026-02-15 12:23:13', 450, 'B-'),
('DON-HIST-71', 'DNR-2025-00018', 'BNK-2025-KL-00004', 'HC-HIST-271', '2025-09-14 10:21:24', 450, 'B-'),
('DON-HIST-72', 'DNR-2025-00028', 'BNK-2025-KL-00003', 'HC-HIST-272', '2024-05-03 17:15:38', 450, 'B-'),
('DON-HIST-73', 'DNR-2025-00010', 'BNK-2025-KL-00005', 'HC-HIST-273', '2025-01-29 23:23:30', 450, 'A+'),
('DON-HIST-74', 'DNR-2025-00027', 'BNK-2025-KL-00001', 'HC-HIST-274', '2024-08-04 10:11:11', 450, 'B-'),
('DON-HIST-75', 'DNR-2025-00023', 'BNK-2025-KL-00002', 'HC-HIST-275', '2024-11-07 15:46:25', 450, 'AB-'),
('DON-HIST-76', 'DNR-2025-00016', 'BNK-2025-KL-00004', 'HC-HIST-276', '2025-08-09 20:35:24', 450, 'B+'),
('DON-HIST-77', 'DNR-2025-00009', 'BNK-2025-KL-00003', 'HC-HIST-277', '2024-12-30 09:08:34', 450, 'O-'),
('DON-HIST-78', 'DNR-2025-00024', 'BNK-2025-KL-00004', 'HC-HIST-278', '2025-07-19 00:45:55', 450, 'AB+'),
('DON-HIST-79', 'DNR-2025-00038', 'BNK-2025-KL-00002', 'HC-HIST-279', '2024-08-17 23:13:29', 450, 'O+'),
('DON-HIST-80', 'DNR-2025-00011', 'BNK-2025-KL-00002', 'HC-HIST-280', '2026-04-04 16:56:56', 450, 'B-'),
('DON-HIST-81', 'DNR-2025-00003', 'BNK-2025-KL-00003', 'HC-HIST-281', '2025-12-08 13:18:40', 450, 'AB+'),
('DON-HIST-82', 'DNR-2025-00007', 'BNK-2025-KL-00003', 'HC-HIST-282', '2026-01-19 22:32:02', 450, 'B-'),
('DON-HIST-83', 'DNR-2025-00029', 'BNK-2025-KL-00003', 'HC-HIST-283', '2025-03-10 04:10:02', 450, 'O-'),
('DON-HIST-84', 'DNR-2025-00036', 'BNK-2025-KL-00003', 'HC-HIST-284', '2024-12-13 04:37:46', 450, 'AB-'),
('DON-HIST-85', 'DNR-2025-00032', 'BNK-2025-KL-00005', 'HC-HIST-285', '2025-11-30 17:41:43', 450, 'O-'),
('DON-HIST-86', 'DNR-2025-00024', 'BNK-2025-KL-00002', 'HC-HIST-286', '2025-11-06 19:21:21', 450, 'A-'),
('DON-HIST-87', 'DNR-2025-00024', 'BNK-2025-KL-00004', 'HC-HIST-287', '2026-01-10 07:54:25', 450, 'AB-'),
('DON-HIST-88', 'DNR-2025-00008', 'BNK-2025-KL-00003', 'HC-HIST-288', '2026-03-28 16:05:10', 450, 'A-'),
('DON-HIST-89', 'DNR-2025-00033', 'BNK-2025-KL-00001', 'HC-HIST-289', '2024-04-11 10:38:55', 450, 'AB+'),
('DON-HIST-90', 'DNR-2025-00025', 'BNK-2025-KL-00001', 'HC-HIST-290', '2025-09-15 03:43:34', 450, 'B-'),
('DON-HIST-91', 'DNR-2025-00001', 'BNK-2025-KL-00002', 'HC-HIST-291', '2026-03-18 09:07:55', 450, 'AB-'),
('DON-HIST-92', 'DNR-2025-00010', 'BNK-2025-KL-00002', 'HC-HIST-292', '2024-11-17 02:48:21', 450, 'O+'),
('DON-HIST-93', 'DNR-2025-00025', 'BNK-2025-KL-00004', 'HC-HIST-293', '2025-12-09 00:52:40', 450, 'A-'),
('DON-HIST-94', 'DNR-2025-00021', 'BNK-2025-KL-00003', 'HC-HIST-294', '2025-03-23 04:20:14', 450, 'B+'),
('DON-HIST-95', 'DNR-2025-00018', 'BNK-2025-KL-00004', 'HC-HIST-295', '2024-02-22 23:09:33', 450, 'AB+'),
('DON-HIST-96', 'DNR-2025-00021', 'BNK-2025-KL-00005', 'HC-HIST-296', '2025-07-13 04:07:36', 450, 'O+'),
('DON-HIST-97', 'DNR-2025-00024', 'BNK-2025-KL-00004', 'HC-HIST-297', '2025-11-12 07:57:16', 450, 'B-'),
('DON-HIST-98', 'DNR-2025-00003', 'BNK-2025-KL-00005', 'HC-HIST-298', '2025-06-05 03:20:15', 450, 'O-'),
('DON-HIST-99', 'DNR-2025-00039', 'BNK-2025-KL-00002', 'HC-HIST-299', '2026-03-30 23:54:39', 450, 'A-'),
('DON-HIST-100', 'DNR-2025-00035', 'BNK-2025-KL-00002', 'HC-HIST-300', '2024-10-06 10:57:50', 450, 'A+'),
('DON-HIST-101', 'DNR-2025-00026', 'BNK-2025-KL-00002', 'HC-HIST-301', '2024-08-25 18:00:23', 450, 'A-'),
('DON-HIST-102', 'DNR-2025-00040', 'BNK-2025-KL-00001', 'HC-HIST-302', '2024-08-02 20:59:10', 450, 'AB-'),
('DON-HIST-103', 'DNR-2025-00004', 'BNK-2025-KL-00002', 'HC-HIST-303', '2025-09-20 18:00:47', 450, 'B+'),
('DON-HIST-104', 'DNR-2025-00018', 'BNK-2025-KL-00001', 'HC-HIST-304', '2025-03-25 18:58:33', 450, 'B-'),
('DON-HIST-105', 'DNR-2025-00001', 'BNK-2025-KL-00005', 'HC-HIST-305', '2025-07-06 05:13:56', 450, 'B-'),
('DON-HIST-106', 'DNR-2025-00003', 'BNK-2025-KL-00005', 'HC-HIST-306', '2025-08-15 12:41:35', 450, 'B+'),
('DON-HIST-107', 'DNR-2025-00037', 'BNK-2025-KL-00002', 'HC-HIST-307', '2024-07-27 23:30:21', 450, 'A+'),
('DON-HIST-108', 'DNR-2025-00001', 'BNK-2025-KL-00005', 'HC-HIST-308', '2024-08-15 03:29:23', 450, 'AB-'),
('DON-HIST-109', 'DNR-2025-00034', 'BNK-2025-KL-00002', 'HC-HIST-309', '2026-02-22 17:55:53', 450, 'A+'),
('DON-HIST-110', 'DNR-2025-00039', 'BNK-2025-KL-00003', 'HC-HIST-310', '2025-06-02 03:12:10', 450, 'B+'),
('DON-HIST-111', 'DNR-2025-00037', 'BNK-2025-KL-00004', 'HC-HIST-311', '2024-06-20 00:06:05', 450, 'O-'),
('DON-HIST-112', 'DNR-2025-00013', 'BNK-2025-KL-00002', 'HC-HIST-312', '2026-03-13 19:09:25', 450, 'O+'),
('DON-HIST-113', 'DNR-2025-00028', 'BNK-2025-KL-00002', 'HC-HIST-313', '2025-01-09 14:22:22', 450, 'O+'),
('DON-HIST-114', 'DNR-2025-00009', 'BNK-2025-KL-00004', 'HC-HIST-314', '2024-11-04 18:59:59', 450, 'AB-'),
('DON-HIST-115', 'DNR-2025-00022', 'BNK-2025-KL-00004', 'HC-HIST-315', '2024-12-17 17:51:39', 450, 'AB+'),
('DON-HIST-116', 'DNR-2025-00031', 'BNK-2025-KL-00002', 'HC-HIST-316', '2024-10-07 14:40:22', 450, 'AB-'),
('DON-HIST-117', 'DNR-2025-00002', 'BNK-2025-KL-00004', 'HC-HIST-317', '2024-03-24 10:53:49', 450, 'B-'),
('DON-HIST-118', 'DNR-2025-00019', 'BNK-2025-KL-00002', 'HC-HIST-318', '2025-05-13 15:51:54', 450, 'A-'),
('DON-HIST-119', 'DNR-2025-00039', 'BNK-2025-KL-00003', 'HC-HIST-319', '2025-04-12 23:39:37', 450, 'A+'),
('DON-HIST-120', 'DNR-2025-00002', 'BNK-2025-KL-00003', 'HC-HIST-320', '2025-02-19 04:10:39', 450, 'O-'),
('DON-HIST-121', 'DNR-2025-00035', 'BNK-2025-KL-00005', 'HC-HIST-321', '2024-09-19 14:24:38', 450, 'B-'),
('DON-HIST-122', 'DNR-2025-00020', 'BNK-2025-KL-00005', 'HC-HIST-322', '2024-06-24 21:17:29', 450, 'B-'),
('DON-HIST-123', 'DNR-2025-00024', 'BNK-2025-KL-00002', 'HC-HIST-323', '2024-03-03 13:39:57', 450, 'O+'),
('DON-HIST-124', 'DNR-2025-00026', 'BNK-2025-KL-00005', 'HC-HIST-324', '2025-04-17 19:29:00', 450, 'O-'),
('DON-HIST-125', 'DNR-2025-00035', 'BNK-2025-KL-00001', 'HC-HIST-325', '2024-07-19 08:37:46', 450, 'B-'),
('DON-HIST-126', 'DNR-2025-00012', 'BNK-2025-KL-00003', 'HC-HIST-326', '2024-02-27 11:09:48', 450, 'O-'),
('DON-HIST-127', 'DNR-2025-00033', 'BNK-2025-KL-00002', 'HC-HIST-327', '2025-02-26 13:36:20', 450, 'A-'),
('DON-HIST-128', 'DNR-2025-00037', 'BNK-2025-KL-00001', 'HC-HIST-328', '2024-01-29 13:14:30', 450, 'B+'),
('DON-HIST-129', 'DNR-2025-00006', 'BNK-2025-KL-00005', 'HC-HIST-329', '2025-10-19 05:37:15', 450, 'A-'),
('DON-HIST-130', 'DNR-2025-00016', 'BNK-2025-KL-00001', 'HC-HIST-330', '2025-07-30 19:26:21', 450, 'B-'),
('DON-HIST-131', 'DNR-2025-00008', 'BNK-2025-KL-00003', 'HC-HIST-331', '2025-11-08 03:35:22', 450, 'O-'),
('DON-HIST-132', 'DNR-2025-00012', 'BNK-2025-KL-00004', 'HC-HIST-332', '2024-03-24 02:03:05', 450, 'B-'),
('DON-HIST-133', 'DNR-2025-00031', 'BNK-2025-KL-00005', 'HC-HIST-333', '2026-02-19 10:40:47', 450, 'O-'),
('DON-HIST-134', 'DNR-2025-00031', 'BNK-2025-KL-00002', 'HC-HIST-334', '2025-04-18 22:39:12', 450, 'A-'),
('DON-HIST-135', 'DNR-2025-00006', 'BNK-2025-KL-00004', 'HC-HIST-335', '2025-04-15 09:36:29', 450, 'AB+'),
('DON-HIST-136', 'DNR-2025-00024', 'BNK-2025-KL-00004', 'HC-HIST-336', '2026-01-02 15:52:31', 450, 'B-'),
('DON-HIST-137', 'DNR-2025-00015', 'BNK-2025-KL-00004', 'HC-HIST-337', '2024-06-13 04:00:45', 450, 'A-'),
('DON-HIST-138', 'DNR-2025-00040', 'BNK-2025-KL-00002', 'HC-HIST-338', '2025-07-29 10:01:52', 450, 'O+'),
('DON-HIST-139', 'DNR-2025-00034', 'BNK-2025-KL-00001', 'HC-HIST-339', '2024-05-28 09:56:10', 450, 'B-'),
('DON-HIST-140', 'DNR-2025-00020', 'BNK-2025-KL-00003', 'HC-HIST-340', '2025-09-10 02:13:55', 450, 'O-'),
('DON-HIST-141', 'DNR-2025-00031', 'BNK-2025-KL-00005', 'HC-HIST-341', '2024-09-01 05:56:53', 450, 'AB+'),
('DON-HIST-142', 'DNR-2025-00028', 'BNK-2025-KL-00003', 'HC-HIST-342', '2024-08-12 17:20:05', 450, 'B+'),
('DON-HIST-143', 'DNR-2025-00030', 'BNK-2025-KL-00004', 'HC-HIST-343', '2024-09-25 11:23:43', 450, 'B+'),
('DON-HIST-144', 'DNR-2025-00020', 'BNK-2025-KL-00005', 'HC-HIST-344', '2024-04-12 05:21:08', 450, 'AB+'),
('DON-HIST-145', 'DNR-2025-00014', 'BNK-2025-KL-00003', 'HC-HIST-345', '2024-02-13 17:16:23', 450, 'AB-'),
('DON-HIST-146', 'DNR-2025-00004', 'BNK-2025-KL-00003', 'HC-HIST-346', '2024-10-13 22:37:58', 450, 'O-'),
('DON-HIST-147', 'DNR-2025-00037', 'BNK-2025-KL-00001', 'HC-HIST-347', '2025-02-20 08:20:04', 450, 'A-'),
('DON-HIST-148', 'DNR-2025-00015', 'BNK-2025-KL-00005', 'HC-HIST-348', '2026-02-27 12:13:33', 450, 'AB+'),
('DON-HIST-149', 'DNR-2025-00008', 'BNK-2025-KL-00001', 'HC-HIST-349', '2025-04-07 13:56:41', 450, 'B-'),
('DON-HIST-150', 'DNR-2025-00006', 'BNK-2025-KL-00002', 'HC-HIST-350', '2025-08-14 13:02:47', 450, 'O-'),
('DON-HIST-151', 'DNR-2025-00005', 'BNK-2025-KL-00001', 'HC-HIST-351', '2024-03-15 19:45:34', 450, 'A-'),
('DON-HIST-152', 'DNR-2025-00013', 'BNK-2025-KL-00005', 'HC-HIST-352', '2024-02-02 07:10:49', 450, 'A-'),
('DON-HIST-153', 'DNR-2025-00022', 'BNK-2025-KL-00004', 'HC-HIST-353', '2025-07-27 15:04:56', 450, 'AB-'),
('DON-HIST-154', 'DNR-2025-00026', 'BNK-2025-KL-00003', 'HC-HIST-354', '2024-05-08 20:48:50', 450, 'O-'),
('DON-HIST-155', 'DNR-2025-00027', 'BNK-2025-KL-00005', 'HC-HIST-355', '2025-07-05 18:55:31', 450, 'AB-'),
('DON-HIST-156', 'DNR-2025-00007', 'BNK-2025-KL-00001', 'HC-HIST-356', '2025-03-20 03:19:05', 450, 'AB+'),
('DON-HIST-157', 'DNR-2025-00031', 'BNK-2025-KL-00003', 'HC-HIST-357', '2024-03-27 18:54:14', 450, 'B+'),
('DON-HIST-158', 'DNR-2025-00009', 'BNK-2025-KL-00002', 'HC-HIST-358', '2026-01-28 13:57:22', 450, 'A+'),
('DON-HIST-159', 'DNR-2025-00033', 'BNK-2025-KL-00005', 'HC-HIST-359', '2024-09-11 03:07:02', 450, 'B+'),
('DON-HIST-160', 'DNR-2025-00028', 'BNK-2025-KL-00001', 'HC-HIST-360', '2025-03-07 04:57:17', 450, 'A+'),
('DON-HIST-161', 'DNR-2025-00025', 'BNK-2025-KL-00005', 'HC-HIST-361', '2026-04-01 22:08:15', 450, 'O-'),
('DON-HIST-162', 'DNR-2025-00038', 'BNK-2025-KL-00002', 'HC-HIST-362', '2025-12-07 21:04:05', 450, 'AB+'),
('DON-HIST-163', 'DNR-2025-00030', 'BNK-2025-KL-00005', 'HC-HIST-363', '2024-01-04 10:08:54', 450, 'A+'),
('DON-HIST-164', 'DNR-2025-00036', 'BNK-2025-KL-00002', 'HC-HIST-364', '2024-12-18 04:58:37', 450, 'B-'),
('DON-HIST-165', 'DNR-2025-00027', 'BNK-2025-KL-00005', 'HC-HIST-365', '2024-10-23 07:50:10', 450, 'B+'),
('DON-HIST-166', 'DNR-2025-00019', 'BNK-2025-KL-00002', 'HC-HIST-366', '2025-05-16 19:28:24', 450, 'B+'),
('DON-HIST-167', 'DNR-2025-00004', 'BNK-2025-KL-00002', 'HC-HIST-367', '2024-11-06 01:18:41', 450, 'AB-'),
('DON-HIST-168', 'DNR-2025-00020', 'BNK-2025-KL-00003', 'HC-HIST-368', '2024-12-14 08:34:25', 450, 'AB+'),
('DON-HIST-169', 'DNR-2025-00014', 'BNK-2025-KL-00003', 'HC-HIST-369', '2025-09-01 22:06:36', 450, 'O+'),
('DON-HIST-170', 'DNR-2025-00010', 'BNK-2025-KL-00004', 'HC-HIST-370', '2024-09-06 07:32:09', 450, 'A-'),
('DON-HIST-171', 'DNR-2025-00027', 'BNK-2025-KL-00001', 'HC-HIST-371', '2024-09-22 04:53:14', 450, 'AB-'),
('DON-HIST-172', 'DNR-2025-00023', 'BNK-2025-KL-00001', 'HC-HIST-372', '2025-11-06 22:28:05', 450, 'O-'),
('DON-HIST-173', 'DNR-2025-00033', 'BNK-2025-KL-00004', 'HC-HIST-373', '2024-11-01 10:07:39', 450, 'B+'),
('DON-HIST-174', 'DNR-2025-00004', 'BNK-2025-KL-00002', 'HC-HIST-374', '2024-10-18 23:40:33', 450, 'B-'),
('DON-HIST-175', 'DNR-2025-00022', 'BNK-2025-KL-00002', 'HC-HIST-375', '2024-01-16 06:58:37', 450, 'AB+'),
('DON-HIST-176', 'DNR-2025-00009', 'BNK-2025-KL-00003', 'HC-HIST-376', '2025-09-05 18:44:37', 450, 'A-'),
('DON-HIST-177', 'DNR-2025-00023', 'BNK-2025-KL-00001', 'HC-HIST-377', '2025-03-03 04:33:27', 450, 'AB+'),
('DON-HIST-178', 'DNR-2025-00016', 'BNK-2025-KL-00003', 'HC-HIST-378', '2024-11-18 12:16:20', 450, 'AB+'),
('DON-HIST-179', 'DNR-2025-00007', 'BNK-2025-KL-00005', 'HC-HIST-379', '2024-06-15 02:05:44', 450, 'AB-'),
('DON-HIST-180', 'DNR-2025-00022', 'BNK-2025-KL-00004', 'HC-HIST-380', '2024-03-06 17:39:12', 450, 'AB-'),
('DON-HIST-181', 'DNR-2025-00012', 'BNK-2025-KL-00005', 'HC-HIST-381', '2025-03-10 12:06:21', 450, 'A+'),
('DON-HIST-182', 'DNR-2025-00025', 'BNK-2025-KL-00005', 'HC-HIST-382', '2024-07-05 10:16:46', 450, 'B+'),
('DON-HIST-183', 'DNR-2025-00031', 'BNK-2025-KL-00004', 'HC-HIST-383', '2026-02-06 18:13:56', 450, 'A+'),
('DON-HIST-184', 'DNR-2025-00031', 'BNK-2025-KL-00004', 'HC-HIST-384', '2024-12-20 06:58:24', 450, 'O-'),
('DON-HIST-185', 'DNR-2025-00038', 'BNK-2025-KL-00002', 'HC-HIST-385', '2024-12-06 16:22:38', 450, 'A-'),
('DON-HIST-186', 'DNR-2025-00014', 'BNK-2025-KL-00004', 'HC-HIST-386', '2024-05-07 16:42:23', 450, 'AB-'),
('DON-HIST-187', 'DNR-2025-00035', 'BNK-2025-KL-00002', 'HC-HIST-387', '2024-01-26 19:46:54', 450, 'A+'),
('DON-HIST-188', 'DNR-2025-00032', 'BNK-2025-KL-00001', 'HC-HIST-388', '2025-04-20 13:53:21', 450, 'AB+'),
('DON-HIST-189', 'DNR-2025-00012', 'BNK-2025-KL-00002', 'HC-HIST-389', '2024-07-18 05:36:01', 450, 'B-'),
('DON-HIST-190', 'DNR-2025-00001', 'BNK-2025-KL-00005', 'HC-HIST-390', '2025-02-01 16:16:50', 450, 'AB-'),
('DON-HIST-191', 'DNR-2025-00021', 'BNK-2025-KL-00004', 'HC-HIST-391', '2024-02-04 10:32:55', 450, 'B+'),
('DON-HIST-192', 'DNR-2025-00039', 'BNK-2025-KL-00005', 'HC-HIST-392', '2024-08-22 11:55:39', 450, 'B-'),
('DON-HIST-193', 'DNR-2025-00015', 'BNK-2025-KL-00002', 'HC-HIST-393', '2024-10-05 05:10:32', 450, 'O+'),
('DON-HIST-194', 'DNR-2025-00009', 'BNK-2025-KL-00005', 'HC-HIST-394', '2024-07-01 19:56:56', 450, 'B+'),
('DON-HIST-195', 'DNR-2025-00013', 'BNK-2025-KL-00001', 'HC-HIST-395', '2025-12-27 04:40:35', 450, 'B+'),
('DON-HIST-196', 'DNR-2025-00017', 'BNK-2025-KL-00005', 'HC-HIST-396', '2026-01-05 04:15:42', 450, 'AB+'),
('DON-HIST-197', 'DNR-2025-00003', 'BNK-2025-KL-00004', 'HC-HIST-397', '2024-07-10 15:56:48', 450, 'O-'),
('DON-HIST-198', 'DNR-2025-00011', 'BNK-2025-KL-00003', 'HC-HIST-398', '2025-08-17 05:12:20', 450, 'B+'),
('DON-HIST-199', 'DNR-2025-00040', 'BNK-2025-KL-00005', 'HC-HIST-399', '2025-09-07 14:01:50', 450, 'O+'),
('DON-HIST-200', 'DNR-2025-00040', 'BNK-2025-KL-00004', 'HC-HIST-400', '2025-07-22 08:45:48', 450, 'B+');

-- ═══════════════════════════════════════════
-- STATEWIDE EXPANSION (ALL 14 DISTRICTS)
-- ═══════════════════════════════════════════

-- NEW STATEWIDE HOSPITALS
INSERT INTO `hospital` (`hospital_id`, `hospital_name`, `city`, `contact_number`, `beds`, `status`, `created_at`, `updated_at`, `rejection_reason`, `is_deleted`) VALUES 
('HSP-2026-KL-PAT2', 'Mount Zion Medical College', 'Pathanamthitta', '+91 422 2722', 220, 'Active', NOW(), NOW(), NULL, 0),
('HSP-2026-KL-ALA3', 'T D Medical College Hospital', 'Alappuzha', '+91 433 2733', 230, 'Active', NOW(), NOW(), NULL, 0),
('HSP-2026-KL-KOT4', 'Caritas Hospital', 'Kottayam', '+91 444 2744', 240, 'Active', NOW(), NOW(), NULL, 0),
('HSP-2026-KL-IDU5', 'Idukki Government Medical College', 'Idukki', '+91 455 2755', 250, 'Active', NOW(), NOW(), NULL, 0),
('HSP-2026-KL-MAL9', 'MES Medical College', 'Malappuram', '+91 499 2799', 290, 'Active', NOW(), NOW(), NULL, 0),
('HSP-2026-KL-WAY11', 'Wayanad District Hospital', 'Wayanad', '+91 41111 271111', 310, 'Active', NOW(), NOW(), NULL, 0),
('HSP-2026-KL-KAN12', 'Aster MIMS Kannur', 'Kannur', '+91 41212 271212', 320, 'Active', NOW(), NOW(), NULL, 0),
('HSP-2026-KL-KAS13', 'Kasaragod General Hospital', 'Kasaragod', '+91 41313 271313', 330, 'Active', NOW(), NOW(), NULL, 0);

INSERT INTO `users` (`user_id`, `email`, `password_hash`, `phone`, `role`, `entity_id`, `is_active`, `is_approved`, `otp`, `otp_expires`, `created_at`, `last_login`, `login_attempts`, `lock_until`) VALUES 
('USR-HSP-PAT', 'admin@mountzionmedicalcollege.in', '$2b$10$e8ja.hJQJrXkZeNdEhGQJ.8TUMCN.DvmHIYWPrK58lOTCiB/FQe0C', '+91 98002 0002', 'hospital', 'HSP-2026-KL-PAT2', 1, 1, NULL, NULL, NOW(), NULL, 0, NULL),
('USR-HSP-ALA', 'admin@tdmedicalcollegehospital.in', '$2b$10$e8ja.hJQJrXkZeNdEhGQJ.8TUMCN.DvmHIYWPrK58lOTCiB/FQe0C', '+91 98002 0003', 'hospital', 'HSP-2026-KL-ALA3', 1, 1, NULL, NULL, NOW(), NULL, 0, NULL),
('USR-HSP-KOT', 'admin@caritashospital.in', '$2b$10$e8ja.hJQJrXkZeNdEhGQJ.8TUMCN.DvmHIYWPrK58lOTCiB/FQe0C', '+91 98002 0004', 'hospital', 'HSP-2026-KL-KOT4', 1, 1, NULL, NULL, NOW(), NULL, 0, NULL),
('USR-HSP-IDU', 'admin@idukkigovernmentmedicalcollege.in', '$2b$10$e8ja.hJQJrXkZeNdEhGQJ.8TUMCN.DvmHIYWPrK58lOTCiB/FQe0C', '+91 98002 0005', 'hospital', 'HSP-2026-KL-IDU5', 1, 1, NULL, NULL, NOW(), NULL, 0, NULL),
('USR-HSP-MAL', 'admin@mesmedicalcollege.in', '$2b$10$e8ja.hJQJrXkZeNdEhGQJ.8TUMCN.DvmHIYWPrK58lOTCiB/FQe0C', '+91 98002 0009', 'hospital', 'HSP-2026-KL-MAL9', 1, 1, NULL, NULL, NOW(), NULL, 0, NULL),
('USR-HSP-WAY', 'admin@wayanaddistricthospital.in', '$2b$10$e8ja.hJQJrXkZeNdEhGQJ.8TUMCN.DvmHIYWPrK58lOTCiB/FQe0C', '+91 98002 00011', 'hospital', 'HSP-2026-KL-WAY11', 1, 1, NULL, NULL, NOW(), NULL, 0, NULL),
('USR-HSP-KAN', 'admin@astermimskannur.in', '$2b$10$e8ja.hJQJrXkZeNdEhGQJ.8TUMCN.DvmHIYWPrK58lOTCiB/FQe0C', '+91 98002 00012', 'hospital', 'HSP-2026-KL-KAN12', 1, 1, NULL, NULL, NOW(), NULL, 0, NULL),
('USR-HSP-KAS', 'admin@kasaragodgeneralhospital.in', '$2b$10$e8ja.hJQJrXkZeNdEhGQJ.8TUMCN.DvmHIYWPrK58lOTCiB/FQe0C', '+91 98002 00013', 'hospital', 'HSP-2026-KL-KAS13', 1, 1, NULL, NULL, NOW(), NULL, 0, NULL);

-- NEW STATEWIDE BLOOD BANKS
INSERT INTO `blood_bank` (`bank_id`, `bank_name`, `city`, `contact_number`, `naco_number`, `license_number`, `storage_capacity`, `operating_hours`, `status`, `created_at`, `updated_at`, `rejection_reason`, `is_deleted`) VALUES 
('BNK-2026-KL-PAT2', 'Pathanamthitta District Blood Bank', 'Pathanamthitta', '+91 422 3022', 'NACO-KL-2026-0002', 'KHD-BL-2026-002', 1500, 'Mon-Sun 24 Hours', 'Active', NOW(), NOW(), NULL, 0),
('BNK-2026-KL-ALA3', 'Alleppey Red Cross Blood Centre', 'Alappuzha', '+91 433 3033', 'NACO-KL-2026-0003', 'KHD-BL-2026-003', 1500, 'Mon-Sun 24 Hours', 'Active', NOW(), NOW(), NULL, 0),
('BNK-2026-KL-KOT4', 'Kottayam Medical College Blood Bank', 'Kottayam', '+91 444 3044', 'NACO-KL-2026-0004', 'KHD-BL-2026-004', 1500, 'Mon-Sun 24 Hours', 'Active', NOW(), NOW(), NULL, 0),
('BNK-2026-KL-IDU5', 'Idukki District Blood Bank', 'Idukki', '+91 455 3055', 'NACO-KL-2026-0005', 'KHD-BL-2026-005', 1500, 'Mon-Sun 24 Hours', 'Active', NOW(), NOW(), NULL, 0),
('BNK-2026-KL-PAL8', 'Palakkad IMA Blood Bank', 'Palakkad', '+91 488 3088', 'NACO-KL-2026-0008', 'KHD-BL-2026-008', 1500, 'Mon-Sun 24 Hours', 'Active', NOW(), NOW(), NULL, 0),
('BNK-2026-KL-MAL9', 'Malappuram Charitable Blood Bank', 'Malappuram', '+91 499 3099', 'NACO-KL-2026-0009', 'KHD-BL-2026-009', 1500, 'Mon-Sun 24 Hours', 'Active', NOW(), NOW(), NULL, 0),
('BNK-2026-KL-WAY11', 'Wayanad Tribal Blood Center', 'Wayanad', '+91 41111 301111', 'NACO-KL-2026-00011', 'KHD-BL-2026-0011', 1500, 'Mon-Sun 24 Hours', 'Active', NOW(), NOW(), NULL, 0),
('BNK-2026-KL-KAN12', 'Kannur District Blood Bank', 'Kannur', '+91 41212 301212', 'NACO-KL-2026-00012', 'KHD-BL-2026-0012', 1500, 'Mon-Sun 24 Hours', 'Active', NOW(), NOW(), NULL, 0),
('BNK-2026-KL-KAS13', 'Kasaragod Blood Club', 'Kasaragod', '+91 41313 301313', 'NACO-KL-2026-00013', 'KHD-BL-2026-0013', 1500, 'Mon-Sun 24 Hours', 'Active', NOW(), NOW(), NULL, 0);

INSERT INTO `users` (`user_id`, `email`, `password_hash`, `phone`, `role`, `entity_id`, `is_active`, `is_approved`, `otp`, `otp_expires`, `created_at`, `last_login`, `login_attempts`, `lock_until`) VALUES 
('USR-BNK-PAT', 'admin@pathanamthittadistrictbloodbank.in', '$2b$10$e8ja.hJQJrXkZeNdEhGQJ.8TUMCN.DvmHIYWPrK58lOTCiB/FQe0C', '+91 98003 0002', 'bloodbank', 'BNK-2026-KL-PAT2', 1, 1, NULL, NULL, NOW(), NULL, 0, NULL),
('USR-BNK-ALA', 'admin@alleppeyredcrossbloodcentre.in', '$2b$10$e8ja.hJQJrXkZeNdEhGQJ.8TUMCN.DvmHIYWPrK58lOTCiB/FQe0C', '+91 98003 0003', 'bloodbank', 'BNK-2026-KL-ALA3', 1, 1, NULL, NULL, NOW(), NULL, 0, NULL),
('USR-BNK-KOT', 'admin@kottayammedicalcollegebloodbank.in', '$2b$10$e8ja.hJQJrXkZeNdEhGQJ.8TUMCN.DvmHIYWPrK58lOTCiB/FQe0C', '+91 98003 0004', 'bloodbank', 'BNK-2026-KL-KOT4', 1, 1, NULL, NULL, NOW(), NULL, 0, NULL),
('USR-BNK-IDU', 'admin@idukkidistrictbloodbank.in', '$2b$10$e8ja.hJQJrXkZeNdEhGQJ.8TUMCN.DvmHIYWPrK58lOTCiB/FQe0C', '+91 98003 0005', 'bloodbank', 'BNK-2026-KL-IDU5', 1, 1, NULL, NULL, NOW(), NULL, 0, NULL),
('USR-BNK-PAL', 'admin@palakkadimabloodbank.in', '$2b$10$e8ja.hJQJrXkZeNdEhGQJ.8TUMCN.DvmHIYWPrK58lOTCiB/FQe0C', '+91 98003 0008', 'bloodbank', 'BNK-2026-KL-PAL8', 1, 1, NULL, NULL, NOW(), NULL, 0, NULL),
('USR-BNK-MAL', 'admin@malappuramcharitablebloodbank.in', '$2b$10$e8ja.hJQJrXkZeNdEhGQJ.8TUMCN.DvmHIYWPrK58lOTCiB/FQe0C', '+91 98003 0009', 'bloodbank', 'BNK-2026-KL-MAL9', 1, 1, NULL, NULL, NOW(), NULL, 0, NULL),
('USR-BNK-WAY', 'admin@wayanadtribalbloodcenter.in', '$2b$10$e8ja.hJQJrXkZeNdEhGQJ.8TUMCN.DvmHIYWPrK58lOTCiB/FQe0C', '+91 98003 00011', 'bloodbank', 'BNK-2026-KL-WAY11', 1, 1, NULL, NULL, NOW(), NULL, 0, NULL),
('USR-BNK-KAN', 'admin@kannurdistrictbloodbank.in', '$2b$10$e8ja.hJQJrXkZeNdEhGQJ.8TUMCN.DvmHIYWPrK58lOTCiB/FQe0C', '+91 98003 00012', 'bloodbank', 'BNK-2026-KL-KAN12', 1, 1, NULL, NULL, NOW(), NULL, 0, NULL),
('USR-BNK-KAS', 'admin@kasaragodbloodclub.in', '$2b$10$e8ja.hJQJrXkZeNdEhGQJ.8TUMCN.DvmHIYWPrK58lOTCiB/FQe0C', '+91 98003 00013', 'bloodbank', 'BNK-2026-KL-KAS13', 1, 1, NULL, NULL, NOW(), NULL, 0, NULL);

INSERT INTO `blood_stock` (`stock_id`, `bank_id`, `blood_group`, `available_units`, `capacity`, `last_updated`) VALUES 
('STK-2026-PA-20', 'BNK-2026-KL-PAT2', 'A+', 52, 200, NOW()),
('STK-2026-PA-21', 'BNK-2026-KL-PAT2', 'A-', 52, 200, NOW()),
('STK-2026-PA-22', 'BNK-2026-KL-PAT2', 'B+', 52, 200, NOW()),
('STK-2026-PA-23', 'BNK-2026-KL-PAT2', 'B-', 52, 200, NOW()),
('STK-2026-PA-24', 'BNK-2026-KL-PAT2', 'O+', 52, 200, NOW()),
('STK-2026-PA-25', 'BNK-2026-KL-PAT2', 'O-', 52, 200, NOW()),
('STK-2026-PA-26', 'BNK-2026-KL-PAT2', 'AB+', 52, 200, NOW()),
('STK-2026-PA-27', 'BNK-2026-KL-PAT2', 'AB-', 52, 200, NOW()),
('STK-2026-AL-30', 'BNK-2026-KL-ALA3', 'A+', 53, 200, NOW()),
('STK-2026-AL-31', 'BNK-2026-KL-ALA3', 'A-', 53, 200, NOW()),
('STK-2026-AL-32', 'BNK-2026-KL-ALA3', 'B+', 53, 200, NOW()),
('STK-2026-AL-33', 'BNK-2026-KL-ALA3', 'B-', 53, 200, NOW()),
('STK-2026-AL-34', 'BNK-2026-KL-ALA3', 'O+', 53, 200, NOW()),
('STK-2026-AL-35', 'BNK-2026-KL-ALA3', 'O-', 53, 200, NOW()),
('STK-2026-AL-36', 'BNK-2026-KL-ALA3', 'AB+', 53, 200, NOW()),
('STK-2026-AL-37', 'BNK-2026-KL-ALA3', 'AB-', 53, 200, NOW()),
('STK-2026-KO-40', 'BNK-2026-KL-KOT4', 'A+', 54, 200, NOW()),
('STK-2026-KO-41', 'BNK-2026-KL-KOT4', 'A-', 54, 200, NOW()),
('STK-2026-KO-42', 'BNK-2026-KL-KOT4', 'B+', 54, 200, NOW()),
('STK-2026-KO-43', 'BNK-2026-KL-KOT4', 'B-', 54, 200, NOW()),
('STK-2026-KO-44', 'BNK-2026-KL-KOT4', 'O+', 54, 200, NOW()),
('STK-2026-KO-45', 'BNK-2026-KL-KOT4', 'O-', 54, 200, NOW()),
('STK-2026-KO-46', 'BNK-2026-KL-KOT4', 'AB+', 54, 200, NOW()),
('STK-2026-KO-47', 'BNK-2026-KL-KOT4', 'AB-', 54, 200, NOW()),
('STK-2026-ID-50', 'BNK-2026-KL-IDU5', 'A+', 55, 200, NOW()),
('STK-2026-ID-51', 'BNK-2026-KL-IDU5', 'A-', 55, 200, NOW()),
('STK-2026-ID-52', 'BNK-2026-KL-IDU5', 'B+', 55, 200, NOW()),
('STK-2026-ID-53', 'BNK-2026-KL-IDU5', 'B-', 55, 200, NOW()),
('STK-2026-ID-54', 'BNK-2026-KL-IDU5', 'O+', 55, 200, NOW()),
('STK-2026-ID-55', 'BNK-2026-KL-IDU5', 'O-', 55, 200, NOW()),
('STK-2026-ID-56', 'BNK-2026-KL-IDU5', 'AB+', 55, 200, NOW()),
('STK-2026-ID-57', 'BNK-2026-KL-IDU5', 'AB-', 55, 200, NOW()),
('STK-2026-PA-80', 'BNK-2026-KL-PAL8', 'A+', 58, 200, NOW()),
('STK-2026-PA-81', 'BNK-2026-KL-PAL8', 'A-', 58, 200, NOW()),
('STK-2026-PA-82', 'BNK-2026-KL-PAL8', 'B+', 58, 200, NOW()),
('STK-2026-PA-83', 'BNK-2026-KL-PAL8', 'B-', 58, 200, NOW()),
('STK-2026-PA-84', 'BNK-2026-KL-PAL8', 'O+', 58, 200, NOW()),
('STK-2026-PA-85', 'BNK-2026-KL-PAL8', 'O-', 58, 200, NOW()),
('STK-2026-PA-86', 'BNK-2026-KL-PAL8', 'AB+', 58, 200, NOW()),
('STK-2026-PA-87', 'BNK-2026-KL-PAL8', 'AB-', 58, 200, NOW()),
('STK-2026-MA-90', 'BNK-2026-KL-MAL9', 'A+', 59, 200, NOW()),
('STK-2026-MA-91', 'BNK-2026-KL-MAL9', 'A-', 59, 200, NOW()),
('STK-2026-MA-92', 'BNK-2026-KL-MAL9', 'B+', 59, 200, NOW()),
('STK-2026-MA-93', 'BNK-2026-KL-MAL9', 'B-', 59, 200, NOW()),
('STK-2026-MA-94', 'BNK-2026-KL-MAL9', 'O+', 59, 200, NOW()),
('STK-2026-MA-95', 'BNK-2026-KL-MAL9', 'O-', 59, 200, NOW()),
('STK-2026-MA-96', 'BNK-2026-KL-MAL9', 'AB+', 59, 200, NOW()),
('STK-2026-MA-97', 'BNK-2026-KL-MAL9', 'AB-', 59, 200, NOW()),
('STK-2026-WA-110', 'BNK-2026-KL-WAY11', 'A+', 61, 200, NOW()),
('STK-2026-WA-111', 'BNK-2026-KL-WAY11', 'A-', 61, 200, NOW()),
('STK-2026-WA-112', 'BNK-2026-KL-WAY11', 'B+', 61, 200, NOW()),
('STK-2026-WA-113', 'BNK-2026-KL-WAY11', 'B-', 61, 200, NOW()),
('STK-2026-WA-114', 'BNK-2026-KL-WAY11', 'O+', 61, 200, NOW()),
('STK-2026-WA-115', 'BNK-2026-KL-WAY11', 'O-', 61, 200, NOW()),
('STK-2026-WA-116', 'BNK-2026-KL-WAY11', 'AB+', 61, 200, NOW()),
('STK-2026-WA-117', 'BNK-2026-KL-WAY11', 'AB-', 61, 200, NOW()),
('STK-2026-KA-120', 'BNK-2026-KL-KAN12', 'A+', 62, 200, NOW()),
('STK-2026-KA-121', 'BNK-2026-KL-KAN12', 'A-', 62, 200, NOW()),
('STK-2026-KA-122', 'BNK-2026-KL-KAN12', 'B+', 62, 200, NOW()),
('STK-2026-KA-123', 'BNK-2026-KL-KAN12', 'B-', 62, 200, NOW()),
('STK-2026-KA-124', 'BNK-2026-KL-KAN12', 'O+', 62, 200, NOW()),
('STK-2026-KA-125', 'BNK-2026-KL-KAN12', 'O-', 62, 200, NOW()),
('STK-2026-KA-126', 'BNK-2026-KL-KAN12', 'AB+', 62, 200, NOW()),
('STK-2026-KA-127', 'BNK-2026-KL-KAN12', 'AB-', 62, 200, NOW()),
('STK-2026-KA-130', 'BNK-2026-KL-KAS13', 'A+', 63, 200, NOW()),
('STK-2026-KA-131', 'BNK-2026-KL-KAS13', 'A-', 63, 200, NOW()),
('STK-2026-KA-132', 'BNK-2026-KL-KAS13', 'B+', 63, 200, NOW()),
('STK-2026-KA-133', 'BNK-2026-KL-KAS13', 'B-', 63, 200, NOW()),
('STK-2026-KA-134', 'BNK-2026-KL-KAS13', 'O+', 63, 200, NOW()),
('STK-2026-KA-135', 'BNK-2026-KL-KAS13', 'O-', 63, 200, NOW()),
('STK-2026-KA-136', 'BNK-2026-KL-KAS13', 'AB+', 63, 200, NOW()),
('STK-2026-KA-137', 'BNK-2026-KL-KAS13', 'AB-', 63, 200, NOW());


-- ═══════════════════════════════════════════
-- STATEWIDE SECONDARY DATA (OPERATIONAL HISTORY)
-- ═══════════════════════════════════════════

-- STATEWIDE PATIENTS
INSERT INTO `patient` (`patient_id`, `hospital_id`, `name`, `age`, `gender`, `blood_group`, `ward`, `admitted_on`, `status`, `created_at`) VALUES 
('PAT-STW-PAT2-1', 'HSP-2026-KL-PAT2', 'Revathy Das', 77, 'Female', 'B-', 'Surgery', '2026-01-15 04:22:46', 'Admitted', NOW()),
('PAT-STW-PAT2-2', 'HSP-2026-KL-PAT2', 'swathi Nair', 74, 'Female', 'B-', 'ICU', '2025-04-01 14:50:32', 'Admitted', NOW()),
('PAT-STW-PAT2-3', 'HSP-2026-KL-PAT2', 'sneha Raj', 70, 'Male', 'AB-', 'General', '2024-07-06 16:04:39', 'Admitted', NOW()),
('PAT-STW-PAT2-4', 'HSP-2026-KL-PAT2', 'Pranav Nambiar', 64, 'Male', 'O-', 'General', '2024-07-29 18:23:33', 'Admitted', NOW()),
('PAT-STW-PAT2-5', 'HSP-2026-KL-PAT2', 'Revathy Mathew', 46, 'Female', 'O+', 'General', '2025-08-07 01:44:58', 'Admitted', NOW()),
('PAT-STW-PAT2-6', 'HSP-2026-KL-PAT2', 'Vineeth Suresh', 45, 'Male', 'AB+', 'General', '2024-09-21 14:14:18', 'Admitted', NOW()),
('PAT-STW-PAT2-7', 'HSP-2026-KL-PAT2', 'sneha George', 76, 'Female', 'B+', 'Surgery', '2026-03-16 23:33:54', 'Admitted', NOW()),
('PAT-STW-PAT2-8', 'HSP-2026-KL-PAT2', 'Swathy Babu', 23, 'Male', 'O+', 'General', '2024-12-17 09:03:16', 'Admitted', NOW()),
('PAT-STW-PAT2-9', 'HSP-2026-KL-PAT2', 'Gokul Prasad', 74, 'Female', 'A+', 'Emergency', '2025-11-22 00:27:39', 'Admitted', NOW()),
('PAT-STW-PAT2-10', 'HSP-2026-KL-PAT2', 'Aiswarya Prasad', 31, 'Male', 'AB-', 'Surgery', '2024-04-12 22:32:22', 'Admitted', NOW()),
('PAT-STW-PAT2-11', 'HSP-2026-KL-PAT2', 'sneha Abraham', 76, 'Male', 'O-', 'General', '2025-10-30 20:12:19', 'Admitted', NOW()),
('PAT-STW-PAT2-12', 'HSP-2026-KL-PAT2', 'Aiswarya Menon', 39, 'Female', 'B+', 'ICU', '2025-01-04 15:57:08', 'Admitted', NOW()),
('PAT-STW-ALA3-1', 'HSP-2026-KL-ALA3', 'Revathy Thomas', 75, 'Male', 'A+', 'Emergency', '2025-06-25 21:05:55', 'Admitted', NOW()),
('PAT-STW-ALA3-2', 'HSP-2026-KL-ALA3', 'Aditya Varma', 52, 'Female', 'O+', 'Emergency', '2024-07-22 23:18:57', 'Admitted', NOW()),
('PAT-STW-ALA3-3', 'HSP-2026-KL-ALA3', 'Dhanya Babu', 46, 'Female', 'AB-', 'Emergency', '2024-07-19 09:56:34', 'Admitted', NOW()),
('PAT-STW-ALA3-4', 'HSP-2026-KL-ALA3', 'Akhil Menon', 9, 'Female', 'A+', 'General', '2024-08-22 11:21:40', 'Admitted', NOW()),
('PAT-STW-ALA3-5', 'HSP-2026-KL-ALA3', 'Dhanya Iyer', 16, 'Female', 'AB+', 'ICU', '2026-03-26 11:34:53', 'Admitted', NOW()),
('PAT-STW-ALA3-6', 'HSP-2026-KL-ALA3', 'Jithin George', 77, 'Female', 'O+', 'ICU', '2024-07-31 00:50:05', 'Admitted', NOW()),
('PAT-STW-ALA3-7', 'HSP-2026-KL-ALA3', 'Sneha Kumar', 12, 'Female', 'A-', 'General', '2025-02-27 23:27:25', 'Admitted', NOW()),
('PAT-STW-ALA3-8', 'HSP-2026-KL-ALA3', 'Swathy Babu', 72, 'Male', 'O-', 'General', '2025-11-30 11:15:35', 'Admitted', NOW()),
('PAT-STW-KOT4-1', 'HSP-2026-KL-KOT4', 'sneha Abraham', 50, 'Male', 'AB+', 'ICU', '2024-04-08 01:56:42', 'Admitted', NOW()),
('PAT-STW-KOT4-2', 'HSP-2026-KL-KOT4', 'Kavya Mathew', 42, 'Female', 'O+', 'Surgery', '2025-10-06 11:20:46', 'Admitted', NOW()),
('PAT-STW-KOT4-3', 'HSP-2026-KL-KOT4', 'Sneha Mathew', 64, 'Female', 'O+', 'General', '2025-02-08 20:52:17', 'Admitted', NOW()),
('PAT-STW-KOT4-4', 'HSP-2026-KL-KOT4', 'Jithin Babu', 16, 'Female', 'A-', 'ICU', '2025-02-17 09:54:58', 'Admitted', NOW()),
('PAT-STW-KOT4-5', 'HSP-2026-KL-KOT4', 'swathi Mathew', 54, 'Male', 'A+', 'Surgery', '2026-01-09 03:54:53', 'Admitted', NOW()),
('PAT-STW-KOT4-6', 'HSP-2026-KL-KOT4', 'swathi Suresh', 56, 'Female', 'B+', 'Emergency', '2024-12-04 01:13:09', 'Admitted', NOW()),
('PAT-STW-KOT4-7', 'HSP-2026-KL-KOT4', 'Aditya Nair', 16, 'Female', 'AB-', 'Surgery', '2025-07-10 19:57:30', 'Admitted', NOW()),
('PAT-STW-KOT4-8', 'HSP-2026-KL-KOT4', 'Dhanya Mathew', 46, 'Female', 'A-', 'ICU', '2025-07-04 09:15:20', 'Admitted', NOW()),
('PAT-STW-IDU5-1', 'HSP-2026-KL-IDU5', 'Revathy Chacko', 77, 'Female', 'O-', 'General', '2024-03-15 23:01:19', 'Admitted', NOW()),
('PAT-STW-IDU5-2', 'HSP-2026-KL-IDU5', 'Reshma Das', 62, 'Female', 'A-', 'Emergency', '2026-02-22 05:47:09', 'Admitted', NOW()),
('PAT-STW-IDU5-3', 'HSP-2026-KL-IDU5', 'Swathy George', 10, 'Female', 'A-', 'Emergency', '2025-05-02 21:01:58', 'Admitted', NOW()),
('PAT-STW-IDU5-4', 'HSP-2026-KL-IDU5', 'Sneha Mathew', 80, 'Female', 'AB-', 'ICU', '2024-12-23 09:34:50', 'Admitted', NOW()),
('PAT-STW-IDU5-5', 'HSP-2026-KL-IDU5', 'Akhil Krishnan', 33, 'Female', 'AB+', 'Surgery', '2024-09-17 21:18:11', 'Admitted', NOW()),
('PAT-STW-IDU5-6', 'HSP-2026-KL-IDU5', 'Aditya Babu', 72, 'Female', 'B-', 'ICU', '2024-12-26 10:50:32', 'Admitted', NOW()),
('PAT-STW-IDU5-7', 'HSP-2026-KL-IDU5', 'Akhil Pillai', 43, 'Female', 'AB+', 'Surgery', '2025-10-05 01:29:32', 'Admitted', NOW()),
('PAT-STW-IDU5-8', 'HSP-2026-KL-IDU5', 'Kavya Das', 75, 'Male', 'O-', 'General', '2024-10-16 10:50:47', 'Admitted', NOW()),
('PAT-STW-IDU5-9', 'HSP-2026-KL-IDU5', 'Divya Das', 63, 'Male', 'A-', 'General', '2025-09-06 14:27:03', 'Admitted', NOW()),
('PAT-STW-IDU5-10', 'HSP-2026-KL-IDU5', 'swathi Das', 36, 'Female', 'A-', 'Surgery', '2024-03-12 22:57:41', 'Admitted', NOW()),
('PAT-STW-IDU5-11', 'HSP-2026-KL-IDU5', 'Reshma Nambiar', 21, 'Female', 'O-', 'ICU', '2025-09-02 23:21:15', 'Admitted', NOW()),
('PAT-STW-MAL9-1', 'HSP-2026-KL-MAL9', 'Pranav Mathew', 79, 'Female', 'A-', 'Surgery', '2024-08-12 10:31:54', 'Admitted', NOW()),
('PAT-STW-MAL9-2', 'HSP-2026-KL-MAL9', 'Jithin Thomas', 57, 'Female', 'AB-', 'General', '2024-12-11 06:39:03', 'Admitted', NOW()),
('PAT-STW-MAL9-3', 'HSP-2026-KL-MAL9', 'Kavya Mathew', 71, 'Male', 'AB-', 'Emergency', '2025-12-12 17:56:59', 'Admitted', NOW()),
('PAT-STW-MAL9-4', 'HSP-2026-KL-MAL9', 'Vineeth Nair', 27, 'Female', 'B-', 'Emergency', '2025-09-18 09:02:49', 'Admitted', NOW()),
('PAT-STW-MAL9-5', 'HSP-2026-KL-MAL9', 'Sandeep Chacko', 31, 'Male', 'B+', 'Emergency', '2025-06-03 02:33:35', 'Admitted', NOW()),
('PAT-STW-MAL9-6', 'HSP-2026-KL-MAL9', 'Jithin Chacko', 25, 'Male', 'B+', 'ICU', '2024-03-28 08:32:38', 'Admitted', NOW()),
('PAT-STW-MAL9-7', 'HSP-2026-KL-MAL9', 'Akhil Nambiar', 75, 'Female', 'A-', 'Emergency', '2025-11-13 00:28:29', 'Admitted', NOW()),
('PAT-STW-MAL9-8', 'HSP-2026-KL-MAL9', 'Vineeth Iyer', 37, 'Female', 'A-', 'ICU', '2026-02-19 03:40:23', 'Admitted', NOW()),
('PAT-STW-MAL9-9', 'HSP-2026-KL-MAL9', 'swathy Kumar', 16, 'Male', 'O+', 'Surgery', '2024-08-22 18:59:53', 'Admitted', NOW()),
('PAT-STW-MAL9-10', 'HSP-2026-KL-MAL9', 'Sneha Das', 22, 'Female', 'B-', 'Surgery', '2025-12-04 22:18:48', 'Admitted', NOW()),
('PAT-STW-MAL9-11', 'HSP-2026-KL-MAL9', 'Sandeep Krishnan', 21, 'Male', 'A-', 'Surgery', '2024-07-14 02:19:21', 'Admitted', NOW()),
('PAT-STW-AY11-1', 'HSP-2026-KL-WAY11', 'Akhil Raj', 50, 'Female', 'A+', 'ICU', '2024-11-11 05:03:46', 'Admitted', NOW()),
('PAT-STW-AY11-2', 'HSP-2026-KL-WAY11', 'Dhanya Mathew', 49, 'Female', 'A-', 'ICU', '2024-09-13 10:00:16', 'Admitted', NOW()),
('PAT-STW-AY11-3', 'HSP-2026-KL-WAY11', 'Jithin Krishnan', 78, 'Male', 'A-', 'ICU', '2024-10-20 20:25:48', 'Admitted', NOW()),
('PAT-STW-AY11-4', 'HSP-2026-KL-WAY11', 'Reshma Prasad', 30, 'Male', 'B-', 'Emergency', '2025-10-09 12:08:40', 'Admitted', NOW()),
('PAT-STW-AY11-5', 'HSP-2026-KL-WAY11', 'swathi Chacko', 57, 'Female', 'O-', 'Surgery', '2026-01-08 22:31:16', 'Admitted', NOW()),
('PAT-STW-AY11-6', 'HSP-2026-KL-WAY11', 'swathy Pillai', 49, 'Female', 'B-', 'General', '2024-02-20 11:26:03', 'Admitted', NOW()),
('PAT-STW-AY11-7', 'HSP-2026-KL-WAY11', 'swathi Kumar', 56, 'Male', 'B-', 'General', '2025-08-26 14:00:20', 'Admitted', NOW()),
('PAT-STW-AY11-8', 'HSP-2026-KL-WAY11', 'Gokul Krishnan', 43, 'Female', 'A-', 'Surgery', '2025-01-15 23:44:05', 'Admitted', NOW()),
('PAT-STW-AY11-9', 'HSP-2026-KL-WAY11', 'Jithin Panicker', 50, 'Female', 'O-', 'Surgery', '2024-11-26 04:23:30', 'Admitted', NOW()),
('PAT-STW-AY11-10', 'HSP-2026-KL-WAY11', 'Divya Raj', 67, 'Female', 'AB+', 'Emergency', '2025-01-28 12:19:32', 'Admitted', NOW()),
('PAT-STW-AY11-11', 'HSP-2026-KL-WAY11', 'Akhil Raj', 45, 'Male', 'B+', 'ICU', '2024-07-01 12:54:32', 'Admitted', NOW()),
('PAT-STW-AY11-12', 'HSP-2026-KL-WAY11', 'sneha Kumar', 79, 'Female', 'O-', 'General', '2025-01-16 11:58:43', 'Admitted', NOW()),
('PAT-STW-AN12-1', 'HSP-2026-KL-KAN12', 'swathi Mathew', 8, 'Female', 'A+', 'Surgery', '2025-08-18 07:14:13', 'Admitted', NOW()),
('PAT-STW-AN12-2', 'HSP-2026-KL-KAN12', 'Sandeep Krishnan', 74, 'Male', 'A+', 'Emergency', '2024-12-20 22:11:00', 'Admitted', NOW()),
('PAT-STW-AN12-3', 'HSP-2026-KL-KAN12', 'Pranav Prasad', 74, 'Male', 'A+', 'ICU', '2025-05-01 18:34:47', 'Admitted', NOW()),
('PAT-STW-AN12-4', 'HSP-2026-KL-KAN12', 'Divya Menon', 65, 'Male', 'B-', 'Emergency', '2024-12-03 20:09:06', 'Admitted', NOW()),
('PAT-STW-AN12-5', 'HSP-2026-KL-KAN12', 'Reshma Abraham', 5, 'Female', 'A-', 'Emergency', '2025-08-03 02:09:03', 'Admitted', NOW()),
('PAT-STW-AN12-6', 'HSP-2026-KL-KAN12', 'Sneha Panicker', 40, 'Female', 'B-', 'Emergency', '2024-01-21 20:44:32', 'Admitted', NOW()),
('PAT-STW-AN12-7', 'HSP-2026-KL-KAN12', 'Swathy George', 68, 'Female', 'O+', 'Surgery', '2024-05-20 07:10:30', 'Admitted', NOW()),
('PAT-STW-AN12-8', 'HSP-2026-KL-KAN12', 'Reshma Iyer', 25, 'Male', 'O-', 'General', '2024-04-09 22:33:47', 'Admitted', NOW()),
('PAT-STW-AN12-9', 'HSP-2026-KL-KAN12', 'Revathy George', 46, 'Male', 'B+', 'ICU', '2024-12-21 13:22:27', 'Admitted', NOW()),
('PAT-STW-AN12-10', 'HSP-2026-KL-KAN12', 'Sneha Thomas', 20, 'Female', 'B-', 'Emergency', '2025-09-17 01:31:06', 'Admitted', NOW()),
('PAT-STW-AN12-11', 'HSP-2026-KL-KAN12', 'Dhanya Prasad', 7, 'Male', 'A+', 'ICU', '2026-03-23 07:30:13', 'Admitted', NOW()),
('PAT-STW-AS13-1', 'HSP-2026-KL-KAS13', 'Jithin Krishnan', 46, 'Male', 'A-', 'ICU', '2024-11-27 23:02:01', 'Admitted', NOW()),
('PAT-STW-AS13-2', 'HSP-2026-KL-KAS13', 'swathi Thomas', 28, 'Male', 'AB-', 'Emergency', '2024-01-02 16:36:24', 'Admitted', NOW()),
('PAT-STW-AS13-3', 'HSP-2026-KL-KAS13', 'Aiswarya Varma', 5, 'Female', 'A-', 'General', '2024-07-19 02:26:25', 'Admitted', NOW()),
('PAT-STW-AS13-4', 'HSP-2026-KL-KAS13', 'Dhanya Mathew', 77, 'Male', 'AB+', 'Emergency', '2024-07-03 04:23:47', 'Admitted', NOW()),
('PAT-STW-AS13-5', 'HSP-2026-KL-KAS13', 'Swathy Kurian', 20, 'Male', 'A+', 'ICU', '2024-04-05 05:11:07', 'Admitted', NOW()),
('PAT-STW-AS13-6', 'HSP-2026-KL-KAS13', 'Jithin Panicker', 69, 'Male', 'B+', 'General', '2024-10-08 20:06:00', 'Admitted', NOW()),
('PAT-STW-AS13-7', 'HSP-2026-KL-KAS13', 'Divya Panicker', 44, 'Male', 'A-', 'Surgery', '2025-03-23 23:05:22', 'Admitted', NOW()),
('PAT-STW-AS13-8', 'HSP-2026-KL-KAS13', 'Sneha Thomas', 5, 'Female', 'AB+', 'ICU', '2024-03-26 00:03:39', 'Admitted', NOW());

-- STATEWIDE CAMPS
INSERT INTO `blood_camp` (`camp_id`, `bank_id`, `camp_name`, `location`, `city`, `camp_date`, `start_time`, `end_time`, `contact_person`, `contact_number`, `description`, `status`, `created_at`, `updated_at`) VALUES 
('CMP-STW-PAT2-1', 'BNK-2026-KL-PAT2', 'Regional Drive 1', 'Community Hall', '-PA', '2025-6-15', '10:00:00', '16:00:00', NULL, NULL, 'Bi-annual donation drive', 'Scheduled', NOW(), NOW()),
('CMP-STW-PAT2-2', 'BNK-2026-KL-PAT2', 'Regional Drive 2', 'Community Hall', '-PA', '2026-10-13', '10:00:00', '16:00:00', NULL, NULL, 'Bi-annual donation drive', 'Scheduled', NOW(), NOW()),
('CMP-STW-ALA3-1', 'BNK-2026-KL-ALA3', 'Regional Drive 1', 'Community Hall', '-AL', '2025-8-3', '10:00:00', '16:00:00', NULL, NULL, 'Bi-annual donation drive', 'Scheduled', NOW(), NOW()),
('CMP-STW-ALA3-2', 'BNK-2026-KL-ALA3', 'Regional Drive 2', 'Community Hall', '-AL', '2025-9-16', '10:00:00', '16:00:00', NULL, NULL, 'Bi-annual donation drive', 'Scheduled', NOW(), NOW()),
('CMP-STW-KOT4-1', 'BNK-2026-KL-KOT4', 'Regional Drive 1', 'Community Hall', '-KO', '2026-8-7', '10:00:00', '16:00:00', NULL, NULL, 'Bi-annual donation drive', 'Scheduled', NOW(), NOW()),
('CMP-STW-KOT4-2', 'BNK-2026-KL-KOT4', 'Regional Drive 2', 'Community Hall', '-KO', '2025-6-17', '10:00:00', '16:00:00', NULL, NULL, 'Bi-annual donation drive', 'Scheduled', NOW(), NOW()),
('CMP-STW-IDU5-1', 'BNK-2026-KL-IDU5', 'Regional Drive 1', 'Community Hall', '-ID', '2025-2-8', '10:00:00', '16:00:00', NULL, NULL, 'Bi-annual donation drive', 'Scheduled', NOW(), NOW()),
('CMP-STW-IDU5-2', 'BNK-2026-KL-IDU5', 'Regional Drive 2', 'Community Hall', '-ID', '2025-12-11', '10:00:00', '16:00:00', NULL, NULL, 'Bi-annual donation drive', 'Scheduled', NOW(), NOW()),
('CMP-STW-PAL8-1', 'BNK-2026-KL-PAL8', 'Regional Drive 1', 'Community Hall', '-PA', '2025-8-5', '10:00:00', '16:00:00', NULL, NULL, 'Bi-annual donation drive', 'Scheduled', NOW(), NOW()),
('CMP-STW-PAL8-2', 'BNK-2026-KL-PAL8', 'Regional Drive 2', 'Community Hall', '-PA', '2025-6-4', '10:00:00', '16:00:00', NULL, NULL, 'Bi-annual donation drive', 'Scheduled', NOW(), NOW()),
('CMP-STW-MAL9-1', 'BNK-2026-KL-MAL9', 'Regional Drive 1', 'Community Hall', '-MA', '2026-8-15', '10:00:00', '16:00:00', NULL, NULL, 'Bi-annual donation drive', 'Scheduled', NOW(), NOW()),
('CMP-STW-MAL9-2', 'BNK-2026-KL-MAL9', 'Regional Drive 2', 'Community Hall', '-MA', '2026-1-27', '10:00:00', '16:00:00', NULL, NULL, 'Bi-annual donation drive', 'Scheduled', NOW(), NOW()),
('CMP-STW-AY11-1', 'BNK-2026-KL-WAY11', 'Regional Drive 1', 'Community Hall', '-WA', '2025-4-13', '10:00:00', '16:00:00', NULL, NULL, 'Bi-annual donation drive', 'Scheduled', NOW(), NOW()),
('CMP-STW-AY11-2', 'BNK-2026-KL-WAY11', 'Regional Drive 2', 'Community Hall', '-WA', '2025-4-14', '10:00:00', '16:00:00', NULL, NULL, 'Bi-annual donation drive', 'Scheduled', NOW(), NOW()),
('CMP-STW-AN12-1', 'BNK-2026-KL-KAN12', 'Regional Drive 1', 'Community Hall', '-KA', '2026-7-28', '10:00:00', '16:00:00', NULL, NULL, 'Bi-annual donation drive', 'Scheduled', NOW(), NOW()),
('CMP-STW-AN12-2', 'BNK-2026-KL-KAN12', 'Regional Drive 2', 'Community Hall', '-KA', '2026-2-7', '10:00:00', '16:00:00', NULL, NULL, 'Bi-annual donation drive', 'Scheduled', NOW(), NOW()),
('CMP-STW-AS13-1', 'BNK-2026-KL-KAS13', 'Regional Drive 1', 'Community Hall', '-KA', '2025-6-17', '10:00:00', '16:00:00', NULL, NULL, 'Bi-annual donation drive', 'Scheduled', NOW(), NOW()),
('CMP-STW-AS13-2', 'BNK-2026-KL-KAS13', 'Regional Drive 2', 'Community Hall', '-KA', '2025-6-21', '10:00:00', '16:00:00', NULL, NULL, 'Bi-annual donation drive', 'Scheduled', NOW(), NOW());

-- STATEWIDE REQUESTS, ISSUES, & PAYMENTS
INSERT INTO `blood_request` (`request_id`, `hospital_id`, `patient_id`, `bank_id`, `blood_group`, `units_required`, `request_date`, `status`, `priority`, `notes`, `created_at`, `updated_at`) VALUES 
('REQ-STW-0001', 'HSP-2026-KL-IDU5', 'PAT-STW-IDU5-7', 'BNK-2026-KL-PAT2', 'AB-', 1, '2024-06-23 17:21:37', 'Fulfilled', 'Routine', NULL, NOW(), NOW()),
('REQ-STW-0002', 'HSP-2026-KL-KAN12', 'PAT-STW-AN12-4', 'BNK-2026-KL-PAT2', 'A+', 1, '2026-03-03 20:17:07', 'Fulfilled', 'Routine', NULL, NOW(), NOW()),
('REQ-STW-0003', 'HSP-2026-KL-WAY11', 'PAT-STW-AY11-3', 'BNK-2026-KL-MAL9', 'A+', 3, '2024-06-11 13:35:13', 'Fulfilled', 'Routine', NULL, NOW(), NOW()),
('REQ-STW-0004', 'HSP-2026-KL-KAN12', 'PAT-STW-AN12-4', 'BNK-2026-KL-IDU5', 'AB+', 1, '2024-10-31 23:56:32', 'Fulfilled', 'Routine', NULL, NOW(), NOW()),
('REQ-STW-0005', 'HSP-2026-KL-MAL9', 'PAT-STW-MAL9-3', 'BNK-2026-KL-KAN12', 'A-', 2, '2026-03-10 09:25:04', 'Fulfilled', 'Routine', NULL, NOW(), NOW()),
('REQ-STW-0006', 'HSP-2026-KL-KOT4', 'PAT-STW-KOT4-2', 'BNK-2026-KL-WAY11', 'B-', 1, '2024-12-11 07:41:34', 'Fulfilled', 'Routine', NULL, NOW(), NOW()),
('REQ-STW-0007', 'HSP-2026-KL-WAY11', 'PAT-STW-AY11-7', 'BNK-2026-KL-IDU5', 'A+', 1, '2025-03-19 17:48:23', 'Fulfilled', 'Routine', NULL, NOW(), NOW()),
('REQ-STW-0008', 'HSP-2026-KL-PAT2', 'PAT-STW-PAT2-12', 'BNK-2026-KL-MAL9', 'O-', 1, '2025-10-19 22:34:34', 'Fulfilled', 'Routine', NULL, NOW(), NOW()),
('REQ-STW-0009', 'HSP-2026-KL-WAY11', 'PAT-STW-AY11-2', 'BNK-2026-KL-KAN12', 'AB-', 2, '2025-02-14 17:46:05', 'Fulfilled', 'Routine', NULL, NOW(), NOW()),
('REQ-STW-0010', 'HSP-2026-KL-PAT2', 'PAT-STW-PAT2-3', 'BNK-2026-KL-IDU5', 'O+', 3, '2026-02-21 19:40:12', 'Fulfilled', 'Routine', NULL, NOW(), NOW()),
('REQ-STW-0011', 'HSP-2026-KL-WAY11', 'PAT-STW-AY11-11', 'BNK-2026-KL-MAL9', 'A-', 1, '2025-06-30 09:54:24', 'Fulfilled', 'Routine', NULL, NOW(), NOW()),
('REQ-STW-0012', 'HSP-2026-KL-MAL9', 'PAT-STW-MAL9-6', 'BNK-2026-KL-MAL9', 'A+', 1, '2025-03-08 04:43:09', 'Fulfilled', 'Routine', NULL, NOW(), NOW()),
('REQ-STW-0013', 'HSP-2026-KL-ALA3', 'PAT-STW-ALA3-5', 'BNK-2026-KL-PAL8', 'O-', 2, '2024-06-29 18:24:47', 'Fulfilled', 'Routine', NULL, NOW(), NOW()),
('REQ-STW-0014', 'HSP-2026-KL-ALA3', 'PAT-STW-ALA3-2', 'BNK-2026-KL-WAY11', 'B-', 3, '2025-04-28 18:58:56', 'Fulfilled', 'Routine', NULL, NOW(), NOW()),
('REQ-STW-0015', 'HSP-2026-KL-KAS13', 'PAT-STW-AS13-3', 'BNK-2026-KL-PAT2', 'O-', 2, '2024-05-30 13:44:37', 'Fulfilled', 'Routine', NULL, NOW(), NOW()),
('REQ-STW-0016', 'HSP-2026-KL-KAS13', 'PAT-STW-AS13-8', 'BNK-2026-KL-WAY11', 'B+', 1, '2025-12-07 14:32:17', 'Fulfilled', 'Routine', NULL, NOW(), NOW()),
('REQ-STW-0017', 'HSP-2026-KL-KAS13', 'PAT-STW-AS13-8', 'BNK-2026-KL-KOT4', 'B+', 1, '2025-03-30 13:12:40', 'Fulfilled', 'Routine', NULL, NOW(), NOW()),
('REQ-STW-0018', 'HSP-2026-KL-IDU5', 'PAT-STW-IDU5-4', 'BNK-2026-KL-IDU5', 'O-', 2, '2025-01-16 15:51:45', 'Fulfilled', 'Routine', NULL, NOW(), NOW()),
('REQ-STW-0019', 'HSP-2026-KL-KOT4', 'PAT-STW-KOT4-6', 'BNK-2026-KL-KAN12', 'O+', 3, '2024-11-09 12:15:30', 'Fulfilled', 'Routine', NULL, NOW(), NOW()),
('REQ-STW-0020', 'HSP-2026-KL-KOT4', 'PAT-STW-KOT4-1', 'BNK-2026-KL-PAL8', 'AB+', 3, '2025-05-24 11:16:00', 'Fulfilled', 'Routine', NULL, NOW(), NOW()),
('REQ-STW-0021', 'HSP-2026-KL-KOT4', 'PAT-STW-KOT4-8', 'BNK-2026-KL-PAT2', 'B-', 2, '2025-05-07 21:37:19', 'Fulfilled', 'Routine', NULL, NOW(), NOW()),
('REQ-STW-0022', 'HSP-2026-KL-WAY11', 'PAT-STW-AY11-10', 'BNK-2026-KL-IDU5', 'O-', 2, '2025-08-23 12:29:16', 'Fulfilled', 'Routine', NULL, NOW(), NOW()),
('REQ-STW-0023', 'HSP-2026-KL-PAT2', 'PAT-STW-PAT2-11', 'BNK-2026-KL-KAS13', 'A+', 1, '2024-08-17 08:46:20', 'Fulfilled', 'Routine', NULL, NOW(), NOW()),
('REQ-STW-0024', 'HSP-2026-KL-IDU5', 'PAT-STW-IDU5-7', 'BNK-2026-KL-PAL8', 'B+', 2, '2025-04-08 16:25:36', 'Fulfilled', 'Routine', NULL, NOW(), NOW()),
('REQ-STW-0025', 'HSP-2026-KL-KAN12', 'PAT-STW-AN12-1', 'BNK-2026-KL-KAS13', 'B-', 1, '2024-10-08 12:00:01', 'Fulfilled', 'Routine', NULL, NOW(), NOW()),
('REQ-STW-0026', 'HSP-2026-KL-PAT2', 'PAT-STW-PAT2-10', 'BNK-2026-KL-KAS13', 'O+', 1, '2026-03-13 23:17:00', 'Fulfilled', 'Routine', NULL, NOW(), NOW()),
('REQ-STW-0027', 'HSP-2026-KL-KOT4', 'PAT-STW-KOT4-4', 'BNK-2026-KL-KAS13', 'A-', 1, '2024-08-29 19:16:13', 'Fulfilled', 'Routine', NULL, NOW(), NOW()),
('REQ-STW-0028', 'HSP-2026-KL-MAL9', 'PAT-STW-MAL9-5', 'BNK-2026-KL-PAL8', 'O-', 2, '2025-11-21 22:41:28', 'Fulfilled', 'Routine', NULL, NOW(), NOW()),
('REQ-STW-0029', 'HSP-2026-KL-IDU5', 'PAT-STW-IDU5-9', 'BNK-2026-KL-IDU5', 'AB+', 3, '2025-03-05 00:13:47', 'Fulfilled', 'Routine', NULL, NOW(), NOW()),
('REQ-STW-0030', 'HSP-2026-KL-PAT2', 'PAT-STW-PAT2-3', 'BNK-2026-KL-KOT4', 'B-', 3, '2026-02-13 07:55:48', 'Fulfilled', 'Routine', NULL, NOW(), NOW()),
('REQ-STW-0031', 'HSP-2026-KL-MAL9', 'PAT-STW-MAL9-11', 'BNK-2026-KL-PAL8', 'B+', 1, '2025-11-21 03:23:10', 'Fulfilled', 'Routine', NULL, NOW(), NOW()),
('REQ-STW-0032', 'HSP-2026-KL-KOT4', 'PAT-STW-KOT4-2', 'BNK-2026-KL-PAT2', 'O+', 3, '2025-08-06 13:35:51', 'Fulfilled', 'Routine', NULL, NOW(), NOW()),
('REQ-STW-0033', 'HSP-2026-KL-WAY11', 'PAT-STW-AY11-11', 'BNK-2026-KL-ALA3', 'AB-', 2, '2025-03-06 16:39:25', 'Fulfilled', 'Routine', NULL, NOW(), NOW()),
('REQ-STW-0034', 'HSP-2026-KL-ALA3', 'PAT-STW-ALA3-3', 'BNK-2026-KL-PAL8', 'A+', 2, '2024-12-25 20:11:58', 'Fulfilled', 'Routine', NULL, NOW(), NOW()),
('REQ-STW-0035', 'HSP-2026-KL-ALA3', 'PAT-STW-ALA3-4', 'BNK-2026-KL-KAS13', 'A-', 3, '2026-02-12 13:53:18', 'Fulfilled', 'Routine', NULL, NOW(), NOW()),
('REQ-STW-0036', 'HSP-2026-KL-PAT2', 'PAT-STW-PAT2-8', 'BNK-2026-KL-MAL9', 'B-', 2, '2025-08-04 04:29:39', 'Fulfilled', 'Routine', NULL, NOW(), NOW()),
('REQ-STW-0037', 'HSP-2026-KL-IDU5', 'PAT-STW-IDU5-7', 'BNK-2026-KL-PAL8', 'AB+', 3, '2025-05-05 21:12:16', 'Fulfilled', 'Routine', NULL, NOW(), NOW()),
('REQ-STW-0038', 'HSP-2026-KL-KAS13', 'PAT-STW-AS13-8', 'BNK-2026-KL-MAL9', 'B-', 1, '2025-08-22 10:34:12', 'Fulfilled', 'Routine', NULL, NOW(), NOW()),
('REQ-STW-0039', 'HSP-2026-KL-ALA3', 'PAT-STW-ALA3-3', 'BNK-2026-KL-WAY11', 'O+', 3, '2025-03-08 14:43:50', 'Fulfilled', 'Routine', NULL, NOW(), NOW()),
('REQ-STW-0040', 'HSP-2026-KL-KAN12', 'PAT-STW-AN12-11', 'BNK-2026-KL-WAY11', 'AB+', 1, '2025-05-08 13:35:17', 'Fulfilled', 'Routine', NULL, NOW(), NOW()),
('REQ-STW-0041', 'HSP-2026-KL-KAN12', 'PAT-STW-AN12-5', 'BNK-2026-KL-KAN12', 'A+', 2, '2025-08-31 07:27:02', 'Fulfilled', 'Routine', NULL, NOW(), NOW()),
('REQ-STW-0042', 'HSP-2026-KL-WAY11', 'PAT-STW-AY11-3', 'BNK-2026-KL-KAN12', 'B+', 1, '2024-06-14 00:50:02', 'Fulfilled', 'Routine', NULL, NOW(), NOW()),
('REQ-STW-0043', 'HSP-2026-KL-MAL9', 'PAT-STW-MAL9-11', 'BNK-2026-KL-WAY11', 'O-', 2, '2025-11-07 05:14:07', 'Fulfilled', 'Routine', NULL, NOW(), NOW()),
('REQ-STW-0044', 'HSP-2026-KL-ALA3', 'PAT-STW-ALA3-5', 'BNK-2026-KL-PAT2', 'O+', 3, '2025-05-10 16:19:18', 'Fulfilled', 'Routine', NULL, NOW(), NOW()),
('REQ-STW-0045', 'HSP-2026-KL-IDU5', 'PAT-STW-IDU5-5', 'BNK-2026-KL-IDU5', 'B+', 2, '2025-05-06 16:16:30', 'Fulfilled', 'Routine', NULL, NOW(), NOW()),
('REQ-STW-0046', 'HSP-2026-KL-MAL9', 'PAT-STW-MAL9-1', 'BNK-2026-KL-ALA3', 'O-', 1, '2024-10-13 22:57:37', 'Fulfilled', 'Routine', NULL, NOW(), NOW()),
('REQ-STW-0047', 'HSP-2026-KL-KOT4', 'PAT-STW-KOT4-1', 'BNK-2026-KL-ALA3', 'AB+', 3, '2024-08-23 14:41:02', 'Fulfilled', 'Routine', NULL, NOW(), NOW()),
('REQ-STW-0048', 'HSP-2026-KL-MAL9', 'PAT-STW-MAL9-9', 'BNK-2026-KL-KOT4', 'A-', 3, '2024-06-01 13:53:31', 'Fulfilled', 'Routine', NULL, NOW(), NOW()),
('REQ-STW-0049', 'HSP-2026-KL-IDU5', 'PAT-STW-IDU5-1', 'BNK-2026-KL-MAL9', 'B+', 3, '2024-06-04 22:40:20', 'Fulfilled', 'Routine', NULL, NOW(), NOW()),
('REQ-STW-0050', 'HSP-2026-KL-PAT2', 'PAT-STW-PAT2-9', 'BNK-2026-KL-PAT2', 'O+', 1, '2025-04-20 19:37:16', 'Fulfilled', 'Routine', NULL, NOW(), NOW()),
('REQ-STW-0051', 'HSP-2026-KL-MAL9', 'PAT-STW-MAL9-11', 'BNK-2026-KL-PAL8', 'AB+', 2, '2024-05-01 06:37:22', 'Fulfilled', 'Routine', NULL, NOW(), NOW()),
('REQ-STW-0052', 'HSP-2026-KL-IDU5', 'PAT-STW-IDU5-6', 'BNK-2026-KL-KAS13', 'B-', 3, '2024-12-22 15:10:34', 'Fulfilled', 'Routine', NULL, NOW(), NOW()),
('REQ-STW-0053', 'HSP-2026-KL-IDU5', 'PAT-STW-IDU5-10', 'BNK-2026-KL-PAL8', 'O+', 1, '2024-08-11 03:12:28', 'Fulfilled', 'Routine', NULL, NOW(), NOW()),
('REQ-STW-0054', 'HSP-2026-KL-KAN12', 'PAT-STW-AN12-8', 'BNK-2026-KL-ALA3', 'B-', 1, '2025-08-20 10:25:52', 'Fulfilled', 'Routine', NULL, NOW(), NOW()),
('REQ-STW-0055', 'HSP-2026-KL-KOT4', 'PAT-STW-KOT4-5', 'BNK-2026-KL-ALA3', 'AB-', 3, '2025-01-19 11:42:23', 'Fulfilled', 'Routine', NULL, NOW(), NOW()),
('REQ-STW-0056', 'HSP-2026-KL-KAS13', 'PAT-STW-AS13-3', 'BNK-2026-KL-PAT2', 'O-', 3, '2025-09-14 13:31:22', 'Fulfilled', 'Routine', NULL, NOW(), NOW()),
('REQ-STW-0057', 'HSP-2026-KL-IDU5', 'PAT-STW-IDU5-8', 'BNK-2026-KL-KAN12', 'B-', 1, '2024-10-30 18:14:30', 'Fulfilled', 'Routine', NULL, NOW(), NOW()),
('REQ-STW-0058', 'HSP-2026-KL-MAL9', 'PAT-STW-MAL9-7', 'BNK-2026-KL-PAT2', 'B+', 3, '2024-08-24 19:08:51', 'Fulfilled', 'Routine', NULL, NOW(), NOW()),
('REQ-STW-0059', 'HSP-2026-KL-WAY11', 'PAT-STW-AY11-3', 'BNK-2026-KL-WAY11', 'O-', 1, '2024-11-26 13:59:53', 'Fulfilled', 'Routine', NULL, NOW(), NOW()),
('REQ-STW-0060', 'HSP-2026-KL-IDU5', 'PAT-STW-IDU5-4', 'BNK-2026-KL-PAT2', 'AB+', 2, '2024-08-01 20:19:06', 'Fulfilled', 'Routine', NULL, NOW(), NOW());

INSERT INTO `blood_issue` (`issue_id`, `request_id`, `issue_date`, `units_issued`, `status`, `notes`, `created_at`) VALUES 
('ISS-STW-0001', 'REQ-STW-0001', '2024-06-23 17:21:37', 1, 'Delivered', NULL, NOW()),
('ISS-STW-0002', 'REQ-STW-0002', '2026-03-03 20:17:07', 2, 'Delivered', NULL, NOW()),
('ISS-STW-0003', 'REQ-STW-0003', '2024-06-11 13:35:13', 1, 'Delivered', NULL, NOW()),
('ISS-STW-0004', 'REQ-STW-0004', '2024-10-31 23:56:32', 2, 'Delivered', NULL, NOW()),
('ISS-STW-0005', 'REQ-STW-0005', '2026-03-10 09:25:04', 1, 'Delivered', NULL, NOW()),
('ISS-STW-0006', 'REQ-STW-0006', '2024-12-11 07:41:34', 1, 'Delivered', NULL, NOW()),
('ISS-STW-0007', 'REQ-STW-0007', '2025-03-19 17:48:23', 1, 'Delivered', NULL, NOW()),
('ISS-STW-0008', 'REQ-STW-0008', '2025-10-19 22:34:34', 2, 'Delivered', NULL, NOW()),
('ISS-STW-0009', 'REQ-STW-0009', '2025-02-14 17:46:05', 1, 'Delivered', NULL, NOW()),
('ISS-STW-0010', 'REQ-STW-0010', '2026-02-21 19:40:12', 1, 'Delivered', NULL, NOW()),
('ISS-STW-0011', 'REQ-STW-0011', '2025-06-30 09:54:24', 1, 'Delivered', NULL, NOW()),
('ISS-STW-0012', 'REQ-STW-0012', '2025-03-08 04:43:09', 2, 'Delivered', NULL, NOW()),
('ISS-STW-0013', 'REQ-STW-0013', '2024-06-29 18:24:47', 2, 'Delivered', NULL, NOW()),
('ISS-STW-0014', 'REQ-STW-0014', '2025-04-28 18:58:56', 1, 'Delivered', NULL, NOW()),
('ISS-STW-0015', 'REQ-STW-0015', '2024-05-30 13:44:37', 2, 'Delivered', NULL, NOW()),
('ISS-STW-0016', 'REQ-STW-0016', '2025-12-07 14:32:17', 1, 'Delivered', NULL, NOW()),
('ISS-STW-0017', 'REQ-STW-0017', '2025-03-30 13:12:40', 2, 'Delivered', NULL, NOW()),
('ISS-STW-0018', 'REQ-STW-0018', '2025-01-16 15:51:45', 1, 'Delivered', NULL, NOW()),
('ISS-STW-0019', 'REQ-STW-0019', '2024-11-09 12:15:30', 1, 'Delivered', NULL, NOW()),
('ISS-STW-0020', 'REQ-STW-0020', '2025-05-24 11:16:00', 1, 'Delivered', NULL, NOW()),
('ISS-STW-0021', 'REQ-STW-0021', '2025-05-07 21:37:19', 2, 'Delivered', NULL, NOW()),
('ISS-STW-0022', 'REQ-STW-0022', '2025-08-23 12:29:16', 2, 'Delivered', NULL, NOW()),
('ISS-STW-0023', 'REQ-STW-0023', '2024-08-17 08:46:20', 1, 'Delivered', NULL, NOW()),
('ISS-STW-0024', 'REQ-STW-0024', '2025-04-08 16:25:36', 1, 'Delivered', NULL, NOW()),
('ISS-STW-0025', 'REQ-STW-0025', '2024-10-08 12:00:01', 1, 'Delivered', NULL, NOW()),
('ISS-STW-0026', 'REQ-STW-0026', '2026-03-13 23:17:00', 1, 'Delivered', NULL, NOW()),
('ISS-STW-0027', 'REQ-STW-0027', '2024-08-29 19:16:13', 2, 'Delivered', NULL, NOW()),
('ISS-STW-0028', 'REQ-STW-0028', '2025-11-21 22:41:28', 2, 'Delivered', NULL, NOW()),
('ISS-STW-0029', 'REQ-STW-0029', '2025-03-05 00:13:47', 1, 'Delivered', NULL, NOW()),
('ISS-STW-0030', 'REQ-STW-0030', '2026-02-13 07:55:48', 2, 'Delivered', NULL, NOW()),
('ISS-STW-0031', 'REQ-STW-0031', '2025-11-21 03:23:10', 1, 'Delivered', NULL, NOW()),
('ISS-STW-0032', 'REQ-STW-0032', '2025-08-06 13:35:51', 1, 'Delivered', NULL, NOW()),
('ISS-STW-0033', 'REQ-STW-0033', '2025-03-06 16:39:25', 2, 'Delivered', NULL, NOW()),
('ISS-STW-0034', 'REQ-STW-0034', '2024-12-25 20:11:58', 1, 'Delivered', NULL, NOW()),
('ISS-STW-0035', 'REQ-STW-0035', '2026-02-12 13:53:18', 1, 'Delivered', NULL, NOW()),
('ISS-STW-0036', 'REQ-STW-0036', '2025-08-04 04:29:39', 2, 'Delivered', NULL, NOW()),
('ISS-STW-0037', 'REQ-STW-0037', '2025-05-05 21:12:16', 2, 'Delivered', NULL, NOW()),
('ISS-STW-0038', 'REQ-STW-0038', '2025-08-22 10:34:12', 2, 'Delivered', NULL, NOW()),
('ISS-STW-0039', 'REQ-STW-0039', '2025-03-08 14:43:50', 2, 'Delivered', NULL, NOW()),
('ISS-STW-0040', 'REQ-STW-0040', '2025-05-08 13:35:17', 2, 'Delivered', NULL, NOW()),
('ISS-STW-0041', 'REQ-STW-0041', '2025-08-31 07:27:02', 2, 'Delivered', NULL, NOW()),
('ISS-STW-0042', 'REQ-STW-0042', '2024-06-14 00:50:02', 1, 'Delivered', NULL, NOW()),
('ISS-STW-0043', 'REQ-STW-0043', '2025-11-07 05:14:07', 1, 'Delivered', NULL, NOW()),
('ISS-STW-0044', 'REQ-STW-0044', '2025-05-10 16:19:18', 1, 'Delivered', NULL, NOW()),
('ISS-STW-0045', 'REQ-STW-0045', '2025-05-06 16:16:30', 2, 'Delivered', NULL, NOW()),
('ISS-STW-0046', 'REQ-STW-0046', '2024-10-13 22:57:37', 1, 'Delivered', NULL, NOW()),
('ISS-STW-0047', 'REQ-STW-0047', '2024-08-23 14:41:02', 1, 'Delivered', NULL, NOW()),
('ISS-STW-0048', 'REQ-STW-0048', '2024-06-01 13:53:31', 2, 'Delivered', NULL, NOW()),
('ISS-STW-0049', 'REQ-STW-0049', '2024-06-04 22:40:20', 1, 'Delivered', NULL, NOW()),
('ISS-STW-0050', 'REQ-STW-0050', '2025-04-20 19:37:16', 2, 'Delivered', NULL, NOW()),
('ISS-STW-0051', 'REQ-STW-0051', '2024-05-01 06:37:22', 1, 'Delivered', NULL, NOW()),
('ISS-STW-0052', 'REQ-STW-0052', '2024-12-22 15:10:34', 1, 'Delivered', NULL, NOW()),
('ISS-STW-0053', 'REQ-STW-0053', '2024-08-11 03:12:28', 2, 'Delivered', NULL, NOW()),
('ISS-STW-0054', 'REQ-STW-0054', '2025-08-20 10:25:52', 1, 'Delivered', NULL, NOW()),
('ISS-STW-0055', 'REQ-STW-0055', '2025-01-19 11:42:23', 2, 'Delivered', NULL, NOW()),
('ISS-STW-0056', 'REQ-STW-0056', '2025-09-14 13:31:22', 2, 'Delivered', NULL, NOW()),
('ISS-STW-0057', 'REQ-STW-0057', '2024-10-30 18:14:30', 1, 'Delivered', NULL, NOW()),
('ISS-STW-0058', 'REQ-STW-0058', '2024-08-24 19:08:51', 1, 'Delivered', NULL, NOW()),
('ISS-STW-0059', 'REQ-STW-0059', '2024-11-26 13:59:53', 2, 'Delivered', NULL, NOW()),
('ISS-STW-0060', 'REQ-STW-0060', '2024-08-01 20:19:06', 1, 'Delivered', NULL, NOW());

INSERT INTO `payment` (`payment_id`, `hospital_id`, `bank_id`, `request_id`, `amount`, `payment_date`, `payment_status`, `created_at`) VALUES 
('PAY-STW-0001', 'HSP-2026-KL-IDU5', 'BNK-2026-KL-PAT2', 'REQ-STW-0001', 867, '2025-04-18 14:33:25', 'Paid', NOW()),
('PAY-STW-0002', 'HSP-2026-KL-KAN12', 'BNK-2026-KL-PAT2', 'REQ-STW-0002', 1984, '2026-03-27 01:53:40', 'Paid', NOW()),
('PAY-STW-0003', 'HSP-2026-KL-WAY11', 'BNK-2026-KL-MAL9', 'REQ-STW-0003', 1680, '2024-10-12 01:54:36', 'Paid', NOW()),
('PAY-STW-0004', 'HSP-2026-KL-KAN12', 'BNK-2026-KL-IDU5', 'REQ-STW-0004', 1593, '2025-08-27 16:48:48', 'Paid', NOW()),
('PAY-STW-0005', 'HSP-2026-KL-MAL9', 'BNK-2026-KL-KAN12', 'REQ-STW-0005', 1902, '2026-03-17 18:15:38', 'Paid', NOW()),
('PAY-STW-0006', 'HSP-2026-KL-KOT4', 'BNK-2026-KL-WAY11', 'REQ-STW-0006', 845, '2025-09-30 16:21:25', 'Paid', NOW()),
('PAY-STW-0007', 'HSP-2026-KL-WAY11', 'BNK-2026-KL-IDU5', 'REQ-STW-0007', 1364, '2026-01-03 23:19:39', 'Paid', NOW()),
('PAY-STW-0008', 'HSP-2026-KL-PAT2', 'BNK-2026-KL-MAL9', 'REQ-STW-0008', 1020, '2026-04-09 12:07:14', 'Paid', NOW()),
('PAY-STW-0009', 'HSP-2026-KL-WAY11', 'BNK-2026-KL-KAN12', 'REQ-STW-0009', 1693, '2026-02-26 18:38:41', 'Paid', NOW()),
('PAY-STW-0010', 'HSP-2026-KL-PAT2', 'BNK-2026-KL-IDU5', 'REQ-STW-0010', 1654, '2026-03-04 19:05:29', 'Paid', NOW()),
('PAY-STW-0011', 'HSP-2026-KL-WAY11', 'BNK-2026-KL-MAL9', 'REQ-STW-0011', 558, '2026-03-01 22:47:38', 'Paid', NOW()),
('PAY-STW-0012', 'HSP-2026-KL-MAL9', 'BNK-2026-KL-MAL9', 'REQ-STW-0012', 1854, '2025-05-02 16:30:54', 'Paid', NOW()),
('PAY-STW-0013', 'HSP-2026-KL-ALA3', 'BNK-2026-KL-PAL8', 'REQ-STW-0013', 597, '2025-09-27 06:20:57', 'Paid', NOW()),
('PAY-STW-0014', 'HSP-2026-KL-ALA3', 'BNK-2026-KL-WAY11', 'REQ-STW-0014', 1330, '2025-11-23 01:31:03', 'Paid', NOW()),
('PAY-STW-0015', 'HSP-2026-KL-KAS13', 'BNK-2026-KL-PAT2', 'REQ-STW-0015', 587, '2025-11-19 23:05:33', 'Paid', NOW()),
('PAY-STW-0016', 'HSP-2026-KL-KAS13', 'BNK-2026-KL-WAY11', 'REQ-STW-0016', 613, '2026-03-14 19:14:39', 'Paid', NOW()),
('PAY-STW-0017', 'HSP-2026-KL-KAS13', 'BNK-2026-KL-KOT4', 'REQ-STW-0017', 1308, '2025-09-21 05:01:56', 'Paid', NOW()),
('PAY-STW-0018', 'HSP-2026-KL-IDU5', 'BNK-2026-KL-IDU5', 'REQ-STW-0018', 1840, '2025-12-26 16:25:57', 'Paid', NOW()),
('PAY-STW-0019', 'HSP-2026-KL-KOT4', 'BNK-2026-KL-KAN12', 'REQ-STW-0019', 886, '2025-01-27 00:46:39', 'Paid', NOW()),
('PAY-STW-0020', 'HSP-2026-KL-KOT4', 'BNK-2026-KL-PAL8', 'REQ-STW-0020', 968, '2025-07-27 16:35:36', 'Paid', NOW()),
('PAY-STW-0021', 'HSP-2026-KL-KOT4', 'BNK-2026-KL-PAT2', 'REQ-STW-0021', 1322, '2025-11-12 18:06:48', 'Paid', NOW()),
('PAY-STW-0022', 'HSP-2026-KL-WAY11', 'BNK-2026-KL-IDU5', 'REQ-STW-0022', 1989, '2025-12-21 10:42:36', 'Paid', NOW()),
('PAY-STW-0023', 'HSP-2026-KL-PAT2', 'BNK-2026-KL-KAS13', 'REQ-STW-0023', 651, '2024-09-09 23:58:36', 'Paid', NOW()),
('PAY-STW-0024', 'HSP-2026-KL-IDU5', 'BNK-2026-KL-PAL8', 'REQ-STW-0024', 1632, '2025-05-09 14:09:58', 'Paid', NOW()),
('PAY-STW-0025', 'HSP-2026-KL-KAN12', 'BNK-2026-KL-KAS13', 'REQ-STW-0025', 1868, '2025-07-13 12:00:37', 'Paid', NOW()),
('PAY-STW-0026', 'HSP-2026-KL-PAT2', 'BNK-2026-KL-KAS13', 'REQ-STW-0026', 1534, '2026-03-24 10:55:51', 'Paid', NOW()),
('PAY-STW-0027', 'HSP-2026-KL-KOT4', 'BNK-2026-KL-KAS13', 'REQ-STW-0027', 1996, '2024-10-07 15:07:58', 'Paid', NOW()),
('PAY-STW-0028', 'HSP-2026-KL-MAL9', 'BNK-2026-KL-PAL8', 'REQ-STW-0028', 1934, '2025-11-27 22:25:02', 'Paid', NOW()),
('PAY-STW-0029', 'HSP-2026-KL-IDU5', 'BNK-2026-KL-IDU5', 'REQ-STW-0029', 1086, '2026-03-13 07:16:05', 'Paid', NOW()),
('PAY-STW-0030', 'HSP-2026-KL-PAT2', 'BNK-2026-KL-KOT4', 'REQ-STW-0030', 1377, '2026-03-01 11:09:03', 'Paid', NOW()),
('PAY-STW-0031', 'HSP-2026-KL-MAL9', 'BNK-2026-KL-PAL8', 'REQ-STW-0031', 1016, '2026-01-17 11:29:19', 'Paid', NOW()),
('PAY-STW-0032', 'HSP-2026-KL-KOT4', 'BNK-2026-KL-PAT2', 'REQ-STW-0032', 786, '2026-01-24 04:28:12', 'Paid', NOW()),
('PAY-STW-0033', 'HSP-2026-KL-WAY11', 'BNK-2026-KL-ALA3', 'REQ-STW-0033', 1212, '2025-05-04 11:21:30', 'Paid', NOW()),
('PAY-STW-0034', 'HSP-2026-KL-ALA3', 'BNK-2026-KL-PAL8', 'REQ-STW-0034', 1225, '2025-10-14 05:28:54', 'Paid', NOW()),
('PAY-STW-0035', 'HSP-2026-KL-ALA3', 'BNK-2026-KL-KAS13', 'REQ-STW-0035', 716, '2026-03-02 02:26:05', 'Paid', NOW()),
('PAY-STW-0036', 'HSP-2026-KL-PAT2', 'BNK-2026-KL-MAL9', 'REQ-STW-0036', 1167, '2025-12-28 08:33:08', 'Paid', NOW()),
('PAY-STW-0037', 'HSP-2026-KL-IDU5', 'BNK-2026-KL-PAL8', 'REQ-STW-0037', 1956, '2026-03-24 08:07:31', 'Paid', NOW()),
('PAY-STW-0038', 'HSP-2026-KL-KAS13', 'BNK-2026-KL-MAL9', 'REQ-STW-0038', 1538, '2025-10-06 22:23:22', 'Paid', NOW()),
('PAY-STW-0039', 'HSP-2026-KL-ALA3', 'BNK-2026-KL-WAY11', 'REQ-STW-0039', 1589, '2025-04-17 08:49:52', 'Paid', NOW()),
('PAY-STW-0040', 'HSP-2026-KL-KAN12', 'BNK-2026-KL-WAY11', 'REQ-STW-0040', 700, '2025-07-26 00:45:16', 'Paid', NOW()),
('PAY-STW-0041', 'HSP-2026-KL-KAN12', 'BNK-2026-KL-KAN12', 'REQ-STW-0041', 667, '2026-03-17 21:59:35', 'Paid', NOW()),
('PAY-STW-0042', 'HSP-2026-KL-WAY11', 'BNK-2026-KL-KAN12', 'REQ-STW-0042', 1630, '2025-12-09 10:26:37', 'Paid', NOW()),
('PAY-STW-0043', 'HSP-2026-KL-MAL9', 'BNK-2026-KL-WAY11', 'REQ-STW-0043', 608, '2026-02-06 11:15:52', 'Paid', NOW()),
('PAY-STW-0044', 'HSP-2026-KL-ALA3', 'BNK-2026-KL-PAT2', 'REQ-STW-0044', 969, '2025-10-12 13:44:54', 'Paid', NOW()),
('PAY-STW-0045', 'HSP-2026-KL-IDU5', 'BNK-2026-KL-IDU5', 'REQ-STW-0045', 1166, '2025-10-28 00:15:22', 'Paid', NOW()),
('PAY-STW-0046', 'HSP-2026-KL-MAL9', 'BNK-2026-KL-ALA3', 'REQ-STW-0046', 548, '2025-03-24 13:09:02', 'Paid', NOW()),
('PAY-STW-0047', 'HSP-2026-KL-KOT4', 'BNK-2026-KL-ALA3', 'REQ-STW-0047', 564, '2025-10-25 07:10:27', 'Paid', NOW()),
('PAY-STW-0048', 'HSP-2026-KL-MAL9', 'BNK-2026-KL-KOT4', 'REQ-STW-0048', 1513, '2025-03-05 10:41:21', 'Paid', NOW()),
('PAY-STW-0049', 'HSP-2026-KL-IDU5', 'BNK-2026-KL-MAL9', 'REQ-STW-0049', 730, '2025-06-23 15:04:31', 'Paid', NOW()),
('PAY-STW-0050', 'HSP-2026-KL-PAT2', 'BNK-2026-KL-PAT2', 'REQ-STW-0050', 507, '2026-02-09 10:09:49', 'Paid', NOW()),
('PAY-STW-0051', 'HSP-2026-KL-MAL9', 'BNK-2026-KL-PAL8', 'REQ-STW-0051', 527, '2024-12-09 01:43:19', 'Paid', NOW()),
('PAY-STW-0052', 'HSP-2026-KL-IDU5', 'BNK-2026-KL-KAS13', 'REQ-STW-0052', 696, '2026-02-13 21:41:02', 'Paid', NOW()),
('PAY-STW-0053', 'HSP-2026-KL-IDU5', 'BNK-2026-KL-PAL8', 'REQ-STW-0053', 1283, '2025-02-19 09:42:50', 'Paid', NOW()),
('PAY-STW-0054', 'HSP-2026-KL-KAN12', 'BNK-2026-KL-ALA3', 'REQ-STW-0054', 638, '2026-03-08 08:38:46', 'Paid', NOW()),
('PAY-STW-0055', 'HSP-2026-KL-KOT4', 'BNK-2026-KL-ALA3', 'REQ-STW-0055', 614, '2025-11-13 21:57:10', 'Paid', NOW()),
('PAY-STW-0056', 'HSP-2026-KL-KAS13', 'BNK-2026-KL-PAT2', 'REQ-STW-0056', 526, '2025-10-29 14:41:50', 'Paid', NOW()),
('PAY-STW-0057', 'HSP-2026-KL-IDU5', 'BNK-2026-KL-KAN12', 'REQ-STW-0057', 1938, '2025-07-29 05:21:02', 'Paid', NOW()),
('PAY-STW-0058', 'HSP-2026-KL-MAL9', 'BNK-2026-KL-PAT2', 'REQ-STW-0058', 1781, '2025-12-10 18:02:45', 'Paid', NOW()),
('PAY-STW-0059', 'HSP-2026-KL-WAY11', 'BNK-2026-KL-WAY11', 'REQ-STW-0059', 823, '2025-08-02 08:39:06', 'Paid', NOW()),
('PAY-STW-0060', 'HSP-2026-KL-IDU5', 'BNK-2026-KL-PAT2', 'REQ-STW-0060', 921, '2024-10-19 11:20:40', 'Paid', NOW());

-- STATEWIDE NOTIFICATIONS & AUDIT LOGS
INSERT INTO `notification` (`notification_id`, `user_id`, `role`, `type`, `title`, `message`, `link`, `is_read`, `priority`, `created_at`, `read_at`) VALUES 
('NTF-STW-0-1', 'USR-HSP-PAT', 'hospital', 'system_alert', 'Welcome', 'Welcome to the statewide network.', NULL, 0, 'low', NOW(), NULL),
('NTF-STW-0-2', 'USR-HSP-PAT', 'hospital', 'system_alert', 'Welcome', 'Welcome to the statewide network.', NULL, 0, 'low', NOW(), NULL),
('NTF-STW-0-3', 'USR-HSP-PAT', 'hospital', 'system_alert', 'Welcome', 'Welcome to the statewide network.', NULL, 0, 'low', NOW(), NULL),
('NTF-STW-0-4', 'USR-HSP-PAT', 'hospital', 'system_alert', 'Welcome', 'Welcome to the statewide network.', NULL, 0, 'low', NOW(), NULL),
('NTF-STW-0-5', 'USR-HSP-PAT', 'hospital', 'system_alert', 'Welcome', 'Welcome to the statewide network.', NULL, 0, 'low', NOW(), NULL),
('NTF-STW-0-6', 'USR-HSP-PAT', 'hospital', 'system_alert', 'Welcome', 'Welcome to the statewide network.', NULL, 1, 'low', NOW(), NULL),
('NTF-STW-0-7', 'USR-HSP-PAT', 'hospital', 'system_alert', 'Welcome', 'Welcome to the statewide network.', NULL, 1, 'low', NOW(), NULL),
('NTF-STW-0-8', 'USR-HSP-PAT', 'hospital', 'system_alert', 'Welcome', 'Welcome to the statewide network.', NULL, 1, 'low', NOW(), NULL),
('NTF-STW-0-9', 'USR-HSP-PAT', 'hospital', 'system_alert', 'Welcome', 'Welcome to the statewide network.', NULL, 1, 'low', NOW(), NULL),
('NTF-STW-0-10', 'USR-HSP-PAT', 'hospital', 'system_alert', 'Welcome', 'Welcome to the statewide network.', NULL, 1, 'low', NOW(), NULL),
('NTF-STW-1-1', 'USR-HSP-ALA', 'hospital', 'system_alert', 'Welcome', 'Welcome to the statewide network.', NULL, 0, 'low', NOW(), NULL),
('NTF-STW-1-2', 'USR-HSP-ALA', 'hospital', 'system_alert', 'Welcome', 'Welcome to the statewide network.', NULL, 0, 'low', NOW(), NULL),
('NTF-STW-1-3', 'USR-HSP-ALA', 'hospital', 'system_alert', 'Welcome', 'Welcome to the statewide network.', NULL, 0, 'low', NOW(), NULL),
('NTF-STW-1-4', 'USR-HSP-ALA', 'hospital', 'system_alert', 'Welcome', 'Welcome to the statewide network.', NULL, 0, 'low', NOW(), NULL),
('NTF-STW-1-5', 'USR-HSP-ALA', 'hospital', 'system_alert', 'Welcome', 'Welcome to the statewide network.', NULL, 0, 'low', NOW(), NULL),
('NTF-STW-1-6', 'USR-HSP-ALA', 'hospital', 'system_alert', 'Welcome', 'Welcome to the statewide network.', NULL, 1, 'low', NOW(), NULL),
('NTF-STW-1-7', 'USR-HSP-ALA', 'hospital', 'system_alert', 'Welcome', 'Welcome to the statewide network.', NULL, 1, 'low', NOW(), NULL),
('NTF-STW-1-8', 'USR-HSP-ALA', 'hospital', 'system_alert', 'Welcome', 'Welcome to the statewide network.', NULL, 1, 'low', NOW(), NULL),
('NTF-STW-1-9', 'USR-HSP-ALA', 'hospital', 'system_alert', 'Welcome', 'Welcome to the statewide network.', NULL, 1, 'low', NOW(), NULL),
('NTF-STW-1-10', 'USR-HSP-ALA', 'hospital', 'system_alert', 'Welcome', 'Welcome to the statewide network.', NULL, 1, 'low', NOW(), NULL),
('NTF-STW-2-1', 'USR-HSP-KOT', 'hospital', 'system_alert', 'Welcome', 'Welcome to the statewide network.', NULL, 0, 'low', NOW(), NULL),
('NTF-STW-2-2', 'USR-HSP-KOT', 'hospital', 'system_alert', 'Welcome', 'Welcome to the statewide network.', NULL, 0, 'low', NOW(), NULL),
('NTF-STW-2-3', 'USR-HSP-KOT', 'hospital', 'system_alert', 'Welcome', 'Welcome to the statewide network.', NULL, 0, 'low', NOW(), NULL),
('NTF-STW-2-4', 'USR-HSP-KOT', 'hospital', 'system_alert', 'Welcome', 'Welcome to the statewide network.', NULL, 0, 'low', NOW(), NULL),
('NTF-STW-2-5', 'USR-HSP-KOT', 'hospital', 'system_alert', 'Welcome', 'Welcome to the statewide network.', NULL, 0, 'low', NOW(), NULL),
('NTF-STW-2-6', 'USR-HSP-KOT', 'hospital', 'system_alert', 'Welcome', 'Welcome to the statewide network.', NULL, 1, 'low', NOW(), NULL),
('NTF-STW-2-7', 'USR-HSP-KOT', 'hospital', 'system_alert', 'Welcome', 'Welcome to the statewide network.', NULL, 1, 'low', NOW(), NULL),
('NTF-STW-2-8', 'USR-HSP-KOT', 'hospital', 'system_alert', 'Welcome', 'Welcome to the statewide network.', NULL, 1, 'low', NOW(), NULL),
('NTF-STW-2-9', 'USR-HSP-KOT', 'hospital', 'system_alert', 'Welcome', 'Welcome to the statewide network.', NULL, 1, 'low', NOW(), NULL),
('NTF-STW-2-10', 'USR-HSP-KOT', 'hospital', 'system_alert', 'Welcome', 'Welcome to the statewide network.', NULL, 1, 'low', NOW(), NULL),
('NTF-STW-3-1', 'USR-HSP-IDU', 'hospital', 'system_alert', 'Welcome', 'Welcome to the statewide network.', NULL, 0, 'low', NOW(), NULL),
('NTF-STW-3-2', 'USR-HSP-IDU', 'hospital', 'system_alert', 'Welcome', 'Welcome to the statewide network.', NULL, 0, 'low', NOW(), NULL),
('NTF-STW-3-3', 'USR-HSP-IDU', 'hospital', 'system_alert', 'Welcome', 'Welcome to the statewide network.', NULL, 0, 'low', NOW(), NULL),
('NTF-STW-3-4', 'USR-HSP-IDU', 'hospital', 'system_alert', 'Welcome', 'Welcome to the statewide network.', NULL, 0, 'low', NOW(), NULL),
('NTF-STW-3-5', 'USR-HSP-IDU', 'hospital', 'system_alert', 'Welcome', 'Welcome to the statewide network.', NULL, 0, 'low', NOW(), NULL),
('NTF-STW-3-6', 'USR-HSP-IDU', 'hospital', 'system_alert', 'Welcome', 'Welcome to the statewide network.', NULL, 1, 'low', NOW(), NULL),
('NTF-STW-3-7', 'USR-HSP-IDU', 'hospital', 'system_alert', 'Welcome', 'Welcome to the statewide network.', NULL, 1, 'low', NOW(), NULL),
('NTF-STW-3-8', 'USR-HSP-IDU', 'hospital', 'system_alert', 'Welcome', 'Welcome to the statewide network.', NULL, 1, 'low', NOW(), NULL),
('NTF-STW-3-9', 'USR-HSP-IDU', 'hospital', 'system_alert', 'Welcome', 'Welcome to the statewide network.', NULL, 1, 'low', NOW(), NULL),
('NTF-STW-3-10', 'USR-HSP-IDU', 'hospital', 'system_alert', 'Welcome', 'Welcome to the statewide network.', NULL, 1, 'low', NOW(), NULL),
('NTF-STW-4-1', 'USR-HSP-MAL', 'hospital', 'system_alert', 'Welcome', 'Welcome to the statewide network.', NULL, 0, 'low', NOW(), NULL),
('NTF-STW-4-2', 'USR-HSP-MAL', 'hospital', 'system_alert', 'Welcome', 'Welcome to the statewide network.', NULL, 0, 'low', NOW(), NULL),
('NTF-STW-4-3', 'USR-HSP-MAL', 'hospital', 'system_alert', 'Welcome', 'Welcome to the statewide network.', NULL, 0, 'low', NOW(), NULL),
('NTF-STW-4-4', 'USR-HSP-MAL', 'hospital', 'system_alert', 'Welcome', 'Welcome to the statewide network.', NULL, 0, 'low', NOW(), NULL),
('NTF-STW-4-5', 'USR-HSP-MAL', 'hospital', 'system_alert', 'Welcome', 'Welcome to the statewide network.', NULL, 0, 'low', NOW(), NULL),
('NTF-STW-4-6', 'USR-HSP-MAL', 'hospital', 'system_alert', 'Welcome', 'Welcome to the statewide network.', NULL, 1, 'low', NOW(), NULL),
('NTF-STW-4-7', 'USR-HSP-MAL', 'hospital', 'system_alert', 'Welcome', 'Welcome to the statewide network.', NULL, 1, 'low', NOW(), NULL),
('NTF-STW-4-8', 'USR-HSP-MAL', 'hospital', 'system_alert', 'Welcome', 'Welcome to the statewide network.', NULL, 1, 'low', NOW(), NULL),
('NTF-STW-4-9', 'USR-HSP-MAL', 'hospital', 'system_alert', 'Welcome', 'Welcome to the statewide network.', NULL, 1, 'low', NOW(), NULL),
('NTF-STW-4-10', 'USR-HSP-MAL', 'hospital', 'system_alert', 'Welcome', 'Welcome to the statewide network.', NULL, 1, 'low', NOW(), NULL),
('NTF-STW-5-1', 'USR-HSP-WAY', 'hospital', 'system_alert', 'Welcome', 'Welcome to the statewide network.', NULL, 0, 'low', NOW(), NULL),
('NTF-STW-5-2', 'USR-HSP-WAY', 'hospital', 'system_alert', 'Welcome', 'Welcome to the statewide network.', NULL, 0, 'low', NOW(), NULL),
('NTF-STW-5-3', 'USR-HSP-WAY', 'hospital', 'system_alert', 'Welcome', 'Welcome to the statewide network.', NULL, 0, 'low', NOW(), NULL),
('NTF-STW-5-4', 'USR-HSP-WAY', 'hospital', 'system_alert', 'Welcome', 'Welcome to the statewide network.', NULL, 0, 'low', NOW(), NULL),
('NTF-STW-5-5', 'USR-HSP-WAY', 'hospital', 'system_alert', 'Welcome', 'Welcome to the statewide network.', NULL, 0, 'low', NOW(), NULL),
('NTF-STW-5-6', 'USR-HSP-WAY', 'hospital', 'system_alert', 'Welcome', 'Welcome to the statewide network.', NULL, 1, 'low', NOW(), NULL),
('NTF-STW-5-7', 'USR-HSP-WAY', 'hospital', 'system_alert', 'Welcome', 'Welcome to the statewide network.', NULL, 1, 'low', NOW(), NULL),
('NTF-STW-5-8', 'USR-HSP-WAY', 'hospital', 'system_alert', 'Welcome', 'Welcome to the statewide network.', NULL, 1, 'low', NOW(), NULL),
('NTF-STW-5-9', 'USR-HSP-WAY', 'hospital', 'system_alert', 'Welcome', 'Welcome to the statewide network.', NULL, 1, 'low', NOW(), NULL),
('NTF-STW-5-10', 'USR-HSP-WAY', 'hospital', 'system_alert', 'Welcome', 'Welcome to the statewide network.', NULL, 1, 'low', NOW(), NULL),
('NTF-STW-6-1', 'USR-HSP-KAN', 'hospital', 'system_alert', 'Welcome', 'Welcome to the statewide network.', NULL, 0, 'low', NOW(), NULL),
('NTF-STW-6-2', 'USR-HSP-KAN', 'hospital', 'system_alert', 'Welcome', 'Welcome to the statewide network.', NULL, 0, 'low', NOW(), NULL),
('NTF-STW-6-3', 'USR-HSP-KAN', 'hospital', 'system_alert', 'Welcome', 'Welcome to the statewide network.', NULL, 0, 'low', NOW(), NULL),
('NTF-STW-6-4', 'USR-HSP-KAN', 'hospital', 'system_alert', 'Welcome', 'Welcome to the statewide network.', NULL, 0, 'low', NOW(), NULL),
('NTF-STW-6-5', 'USR-HSP-KAN', 'hospital', 'system_alert', 'Welcome', 'Welcome to the statewide network.', NULL, 0, 'low', NOW(), NULL),
('NTF-STW-6-6', 'USR-HSP-KAN', 'hospital', 'system_alert', 'Welcome', 'Welcome to the statewide network.', NULL, 1, 'low', NOW(), NULL),
('NTF-STW-6-7', 'USR-HSP-KAN', 'hospital', 'system_alert', 'Welcome', 'Welcome to the statewide network.', NULL, 1, 'low', NOW(), NULL),
('NTF-STW-6-8', 'USR-HSP-KAN', 'hospital', 'system_alert', 'Welcome', 'Welcome to the statewide network.', NULL, 1, 'low', NOW(), NULL),
('NTF-STW-6-9', 'USR-HSP-KAN', 'hospital', 'system_alert', 'Welcome', 'Welcome to the statewide network.', NULL, 1, 'low', NOW(), NULL),
('NTF-STW-6-10', 'USR-HSP-KAN', 'hospital', 'system_alert', 'Welcome', 'Welcome to the statewide network.', NULL, 1, 'low', NOW(), NULL),
('NTF-STW-7-1', 'USR-HSP-KAS', 'hospital', 'system_alert', 'Welcome', 'Welcome to the statewide network.', NULL, 0, 'low', NOW(), NULL),
('NTF-STW-7-2', 'USR-HSP-KAS', 'hospital', 'system_alert', 'Welcome', 'Welcome to the statewide network.', NULL, 0, 'low', NOW(), NULL),
('NTF-STW-7-3', 'USR-HSP-KAS', 'hospital', 'system_alert', 'Welcome', 'Welcome to the statewide network.', NULL, 0, 'low', NOW(), NULL),
('NTF-STW-7-4', 'USR-HSP-KAS', 'hospital', 'system_alert', 'Welcome', 'Welcome to the statewide network.', NULL, 0, 'low', NOW(), NULL),
('NTF-STW-7-5', 'USR-HSP-KAS', 'hospital', 'system_alert', 'Welcome', 'Welcome to the statewide network.', NULL, 0, 'low', NOW(), NULL),
('NTF-STW-7-6', 'USR-HSP-KAS', 'hospital', 'system_alert', 'Welcome', 'Welcome to the statewide network.', NULL, 1, 'low', NOW(), NULL),
('NTF-STW-7-7', 'USR-HSP-KAS', 'hospital', 'system_alert', 'Welcome', 'Welcome to the statewide network.', NULL, 1, 'low', NOW(), NULL),
('NTF-STW-7-8', 'USR-HSP-KAS', 'hospital', 'system_alert', 'Welcome', 'Welcome to the statewide network.', NULL, 1, 'low', NOW(), NULL),
('NTF-STW-7-9', 'USR-HSP-KAS', 'hospital', 'system_alert', 'Welcome', 'Welcome to the statewide network.', NULL, 1, 'low', NOW(), NULL),
('NTF-STW-7-10', 'USR-HSP-KAS', 'hospital', 'system_alert', 'Welcome', 'Welcome to the statewide network.', NULL, 1, 'low', NOW(), NULL),
('NTF-STW-8-1', 'USR-BNK-PAT', 'bloodbank', 'system_alert', 'Welcome', 'Welcome to the statewide network.', NULL, 0, 'low', NOW(), NULL),
('NTF-STW-8-2', 'USR-BNK-PAT', 'bloodbank', 'system_alert', 'Welcome', 'Welcome to the statewide network.', NULL, 0, 'low', NOW(), NULL),
('NTF-STW-8-3', 'USR-BNK-PAT', 'bloodbank', 'system_alert', 'Welcome', 'Welcome to the statewide network.', NULL, 0, 'low', NOW(), NULL),
('NTF-STW-8-4', 'USR-BNK-PAT', 'bloodbank', 'system_alert', 'Welcome', 'Welcome to the statewide network.', NULL, 0, 'low', NOW(), NULL),
('NTF-STW-8-5', 'USR-BNK-PAT', 'bloodbank', 'system_alert', 'Welcome', 'Welcome to the statewide network.', NULL, 0, 'low', NOW(), NULL),
('NTF-STW-8-6', 'USR-BNK-PAT', 'bloodbank', 'system_alert', 'Welcome', 'Welcome to the statewide network.', NULL, 1, 'low', NOW(), NULL),
('NTF-STW-8-7', 'USR-BNK-PAT', 'bloodbank', 'system_alert', 'Welcome', 'Welcome to the statewide network.', NULL, 1, 'low', NOW(), NULL),
('NTF-STW-8-8', 'USR-BNK-PAT', 'bloodbank', 'system_alert', 'Welcome', 'Welcome to the statewide network.', NULL, 1, 'low', NOW(), NULL),
('NTF-STW-8-9', 'USR-BNK-PAT', 'bloodbank', 'system_alert', 'Welcome', 'Welcome to the statewide network.', NULL, 1, 'low', NOW(), NULL),
('NTF-STW-8-10', 'USR-BNK-PAT', 'bloodbank', 'system_alert', 'Welcome', 'Welcome to the statewide network.', NULL, 1, 'low', NOW(), NULL),
('NTF-STW-9-1', 'USR-BNK-ALA', 'bloodbank', 'system_alert', 'Welcome', 'Welcome to the statewide network.', NULL, 0, 'low', NOW(), NULL),
('NTF-STW-9-2', 'USR-BNK-ALA', 'bloodbank', 'system_alert', 'Welcome', 'Welcome to the statewide network.', NULL, 0, 'low', NOW(), NULL),
('NTF-STW-9-3', 'USR-BNK-ALA', 'bloodbank', 'system_alert', 'Welcome', 'Welcome to the statewide network.', NULL, 0, 'low', NOW(), NULL),
('NTF-STW-9-4', 'USR-BNK-ALA', 'bloodbank', 'system_alert', 'Welcome', 'Welcome to the statewide network.', NULL, 0, 'low', NOW(), NULL),
('NTF-STW-9-5', 'USR-BNK-ALA', 'bloodbank', 'system_alert', 'Welcome', 'Welcome to the statewide network.', NULL, 0, 'low', NOW(), NULL),
('NTF-STW-9-6', 'USR-BNK-ALA', 'bloodbank', 'system_alert', 'Welcome', 'Welcome to the statewide network.', NULL, 1, 'low', NOW(), NULL),
('NTF-STW-9-7', 'USR-BNK-ALA', 'bloodbank', 'system_alert', 'Welcome', 'Welcome to the statewide network.', NULL, 1, 'low', NOW(), NULL),
('NTF-STW-9-8', 'USR-BNK-ALA', 'bloodbank', 'system_alert', 'Welcome', 'Welcome to the statewide network.', NULL, 1, 'low', NOW(), NULL),
('NTF-STW-9-9', 'USR-BNK-ALA', 'bloodbank', 'system_alert', 'Welcome', 'Welcome to the statewide network.', NULL, 1, 'low', NOW(), NULL),
('NTF-STW-9-10', 'USR-BNK-ALA', 'bloodbank', 'system_alert', 'Welcome', 'Welcome to the statewide network.', NULL, 1, 'low', NOW(), NULL),
('NTF-STW-10-1', 'USR-BNK-KOT', 'bloodbank', 'system_alert', 'Welcome', 'Welcome to the statewide network.', NULL, 0, 'low', NOW(), NULL),
('NTF-STW-10-2', 'USR-BNK-KOT', 'bloodbank', 'system_alert', 'Welcome', 'Welcome to the statewide network.', NULL, 0, 'low', NOW(), NULL),
('NTF-STW-10-3', 'USR-BNK-KOT', 'bloodbank', 'system_alert', 'Welcome', 'Welcome to the statewide network.', NULL, 0, 'low', NOW(), NULL),
('NTF-STW-10-4', 'USR-BNK-KOT', 'bloodbank', 'system_alert', 'Welcome', 'Welcome to the statewide network.', NULL, 0, 'low', NOW(), NULL),
('NTF-STW-10-5', 'USR-BNK-KOT', 'bloodbank', 'system_alert', 'Welcome', 'Welcome to the statewide network.', NULL, 0, 'low', NOW(), NULL),
('NTF-STW-10-6', 'USR-BNK-KOT', 'bloodbank', 'system_alert', 'Welcome', 'Welcome to the statewide network.', NULL, 1, 'low', NOW(), NULL),
('NTF-STW-10-7', 'USR-BNK-KOT', 'bloodbank', 'system_alert', 'Welcome', 'Welcome to the statewide network.', NULL, 1, 'low', NOW(), NULL),
('NTF-STW-10-8', 'USR-BNK-KOT', 'bloodbank', 'system_alert', 'Welcome', 'Welcome to the statewide network.', NULL, 1, 'low', NOW(), NULL),
('NTF-STW-10-9', 'USR-BNK-KOT', 'bloodbank', 'system_alert', 'Welcome', 'Welcome to the statewide network.', NULL, 1, 'low', NOW(), NULL),
('NTF-STW-10-10', 'USR-BNK-KOT', 'bloodbank', 'system_alert', 'Welcome', 'Welcome to the statewide network.', NULL, 1, 'low', NOW(), NULL),
('NTF-STW-11-1', 'USR-BNK-IDU', 'bloodbank', 'system_alert', 'Welcome', 'Welcome to the statewide network.', NULL, 0, 'low', NOW(), NULL),
('NTF-STW-11-2', 'USR-BNK-IDU', 'bloodbank', 'system_alert', 'Welcome', 'Welcome to the statewide network.', NULL, 0, 'low', NOW(), NULL),
('NTF-STW-11-3', 'USR-BNK-IDU', 'bloodbank', 'system_alert', 'Welcome', 'Welcome to the statewide network.', NULL, 0, 'low', NOW(), NULL),
('NTF-STW-11-4', 'USR-BNK-IDU', 'bloodbank', 'system_alert', 'Welcome', 'Welcome to the statewide network.', NULL, 0, 'low', NOW(), NULL),
('NTF-STW-11-5', 'USR-BNK-IDU', 'bloodbank', 'system_alert', 'Welcome', 'Welcome to the statewide network.', NULL, 0, 'low', NOW(), NULL),
('NTF-STW-11-6', 'USR-BNK-IDU', 'bloodbank', 'system_alert', 'Welcome', 'Welcome to the statewide network.', NULL, 1, 'low', NOW(), NULL),
('NTF-STW-11-7', 'USR-BNK-IDU', 'bloodbank', 'system_alert', 'Welcome', 'Welcome to the statewide network.', NULL, 1, 'low', NOW(), NULL),
('NTF-STW-11-8', 'USR-BNK-IDU', 'bloodbank', 'system_alert', 'Welcome', 'Welcome to the statewide network.', NULL, 1, 'low', NOW(), NULL),
('NTF-STW-11-9', 'USR-BNK-IDU', 'bloodbank', 'system_alert', 'Welcome', 'Welcome to the statewide network.', NULL, 1, 'low', NOW(), NULL),
('NTF-STW-11-10', 'USR-BNK-IDU', 'bloodbank', 'system_alert', 'Welcome', 'Welcome to the statewide network.', NULL, 1, 'low', NOW(), NULL),
('NTF-STW-12-1', 'USR-BNK-PAL', 'bloodbank', 'system_alert', 'Welcome', 'Welcome to the statewide network.', NULL, 0, 'low', NOW(), NULL),
('NTF-STW-12-2', 'USR-BNK-PAL', 'bloodbank', 'system_alert', 'Welcome', 'Welcome to the statewide network.', NULL, 0, 'low', NOW(), NULL),
('NTF-STW-12-3', 'USR-BNK-PAL', 'bloodbank', 'system_alert', 'Welcome', 'Welcome to the statewide network.', NULL, 0, 'low', NOW(), NULL),
('NTF-STW-12-4', 'USR-BNK-PAL', 'bloodbank', 'system_alert', 'Welcome', 'Welcome to the statewide network.', NULL, 0, 'low', NOW(), NULL),
('NTF-STW-12-5', 'USR-BNK-PAL', 'bloodbank', 'system_alert', 'Welcome', 'Welcome to the statewide network.', NULL, 0, 'low', NOW(), NULL),
('NTF-STW-12-6', 'USR-BNK-PAL', 'bloodbank', 'system_alert', 'Welcome', 'Welcome to the statewide network.', NULL, 1, 'low', NOW(), NULL),
('NTF-STW-12-7', 'USR-BNK-PAL', 'bloodbank', 'system_alert', 'Welcome', 'Welcome to the statewide network.', NULL, 1, 'low', NOW(), NULL),
('NTF-STW-12-8', 'USR-BNK-PAL', 'bloodbank', 'system_alert', 'Welcome', 'Welcome to the statewide network.', NULL, 1, 'low', NOW(), NULL),
('NTF-STW-12-9', 'USR-BNK-PAL', 'bloodbank', 'system_alert', 'Welcome', 'Welcome to the statewide network.', NULL, 1, 'low', NOW(), NULL),
('NTF-STW-12-10', 'USR-BNK-PAL', 'bloodbank', 'system_alert', 'Welcome', 'Welcome to the statewide network.', NULL, 1, 'low', NOW(), NULL),
('NTF-STW-13-1', 'USR-BNK-MAL', 'bloodbank', 'system_alert', 'Welcome', 'Welcome to the statewide network.', NULL, 0, 'low', NOW(), NULL),
('NTF-STW-13-2', 'USR-BNK-MAL', 'bloodbank', 'system_alert', 'Welcome', 'Welcome to the statewide network.', NULL, 0, 'low', NOW(), NULL),
('NTF-STW-13-3', 'USR-BNK-MAL', 'bloodbank', 'system_alert', 'Welcome', 'Welcome to the statewide network.', NULL, 0, 'low', NOW(), NULL),
('NTF-STW-13-4', 'USR-BNK-MAL', 'bloodbank', 'system_alert', 'Welcome', 'Welcome to the statewide network.', NULL, 0, 'low', NOW(), NULL),
('NTF-STW-13-5', 'USR-BNK-MAL', 'bloodbank', 'system_alert', 'Welcome', 'Welcome to the statewide network.', NULL, 0, 'low', NOW(), NULL),
('NTF-STW-13-6', 'USR-BNK-MAL', 'bloodbank', 'system_alert', 'Welcome', 'Welcome to the statewide network.', NULL, 1, 'low', NOW(), NULL),
('NTF-STW-13-7', 'USR-BNK-MAL', 'bloodbank', 'system_alert', 'Welcome', 'Welcome to the statewide network.', NULL, 1, 'low', NOW(), NULL),
('NTF-STW-13-8', 'USR-BNK-MAL', 'bloodbank', 'system_alert', 'Welcome', 'Welcome to the statewide network.', NULL, 1, 'low', NOW(), NULL),
('NTF-STW-13-9', 'USR-BNK-MAL', 'bloodbank', 'system_alert', 'Welcome', 'Welcome to the statewide network.', NULL, 1, 'low', NOW(), NULL),
('NTF-STW-13-10', 'USR-BNK-MAL', 'bloodbank', 'system_alert', 'Welcome', 'Welcome to the statewide network.', NULL, 1, 'low', NOW(), NULL),
('NTF-STW-14-1', 'USR-BNK-WAY', 'bloodbank', 'system_alert', 'Welcome', 'Welcome to the statewide network.', NULL, 0, 'low', NOW(), NULL),
('NTF-STW-14-2', 'USR-BNK-WAY', 'bloodbank', 'system_alert', 'Welcome', 'Welcome to the statewide network.', NULL, 0, 'low', NOW(), NULL),
('NTF-STW-14-3', 'USR-BNK-WAY', 'bloodbank', 'system_alert', 'Welcome', 'Welcome to the statewide network.', NULL, 0, 'low', NOW(), NULL),
('NTF-STW-14-4', 'USR-BNK-WAY', 'bloodbank', 'system_alert', 'Welcome', 'Welcome to the statewide network.', NULL, 0, 'low', NOW(), NULL),
('NTF-STW-14-5', 'USR-BNK-WAY', 'bloodbank', 'system_alert', 'Welcome', 'Welcome to the statewide network.', NULL, 0, 'low', NOW(), NULL),
('NTF-STW-14-6', 'USR-BNK-WAY', 'bloodbank', 'system_alert', 'Welcome', 'Welcome to the statewide network.', NULL, 1, 'low', NOW(), NULL),
('NTF-STW-14-7', 'USR-BNK-WAY', 'bloodbank', 'system_alert', 'Welcome', 'Welcome to the statewide network.', NULL, 1, 'low', NOW(), NULL),
('NTF-STW-14-8', 'USR-BNK-WAY', 'bloodbank', 'system_alert', 'Welcome', 'Welcome to the statewide network.', NULL, 1, 'low', NOW(), NULL),
('NTF-STW-14-9', 'USR-BNK-WAY', 'bloodbank', 'system_alert', 'Welcome', 'Welcome to the statewide network.', NULL, 1, 'low', NOW(), NULL),
('NTF-STW-14-10', 'USR-BNK-WAY', 'bloodbank', 'system_alert', 'Welcome', 'Welcome to the statewide network.', NULL, 1, 'low', NOW(), NULL),
('NTF-STW-15-1', 'USR-BNK-KAN', 'bloodbank', 'system_alert', 'Welcome', 'Welcome to the statewide network.', NULL, 0, 'low', NOW(), NULL),
('NTF-STW-15-2', 'USR-BNK-KAN', 'bloodbank', 'system_alert', 'Welcome', 'Welcome to the statewide network.', NULL, 0, 'low', NOW(), NULL),
('NTF-STW-15-3', 'USR-BNK-KAN', 'bloodbank', 'system_alert', 'Welcome', 'Welcome to the statewide network.', NULL, 0, 'low', NOW(), NULL),
('NTF-STW-15-4', 'USR-BNK-KAN', 'bloodbank', 'system_alert', 'Welcome', 'Welcome to the statewide network.', NULL, 0, 'low', NOW(), NULL),
('NTF-STW-15-5', 'USR-BNK-KAN', 'bloodbank', 'system_alert', 'Welcome', 'Welcome to the statewide network.', NULL, 0, 'low', NOW(), NULL),
('NTF-STW-15-6', 'USR-BNK-KAN', 'bloodbank', 'system_alert', 'Welcome', 'Welcome to the statewide network.', NULL, 1, 'low', NOW(), NULL),
('NTF-STW-15-7', 'USR-BNK-KAN', 'bloodbank', 'system_alert', 'Welcome', 'Welcome to the statewide network.', NULL, 1, 'low', NOW(), NULL),
('NTF-STW-15-8', 'USR-BNK-KAN', 'bloodbank', 'system_alert', 'Welcome', 'Welcome to the statewide network.', NULL, 1, 'low', NOW(), NULL),
('NTF-STW-15-9', 'USR-BNK-KAN', 'bloodbank', 'system_alert', 'Welcome', 'Welcome to the statewide network.', NULL, 1, 'low', NOW(), NULL),
('NTF-STW-15-10', 'USR-BNK-KAN', 'bloodbank', 'system_alert', 'Welcome', 'Welcome to the statewide network.', NULL, 1, 'low', NOW(), NULL),
('NTF-STW-16-1', 'USR-BNK-KAS', 'bloodbank', 'system_alert', 'Welcome', 'Welcome to the statewide network.', NULL, 0, 'low', NOW(), NULL),
('NTF-STW-16-2', 'USR-BNK-KAS', 'bloodbank', 'system_alert', 'Welcome', 'Welcome to the statewide network.', NULL, 0, 'low', NOW(), NULL),
('NTF-STW-16-3', 'USR-BNK-KAS', 'bloodbank', 'system_alert', 'Welcome', 'Welcome to the statewide network.', NULL, 0, 'low', NOW(), NULL),
('NTF-STW-16-4', 'USR-BNK-KAS', 'bloodbank', 'system_alert', 'Welcome', 'Welcome to the statewide network.', NULL, 0, 'low', NOW(), NULL),
('NTF-STW-16-5', 'USR-BNK-KAS', 'bloodbank', 'system_alert', 'Welcome', 'Welcome to the statewide network.', NULL, 0, 'low', NOW(), NULL),
('NTF-STW-16-6', 'USR-BNK-KAS', 'bloodbank', 'system_alert', 'Welcome', 'Welcome to the statewide network.', NULL, 1, 'low', NOW(), NULL),
('NTF-STW-16-7', 'USR-BNK-KAS', 'bloodbank', 'system_alert', 'Welcome', 'Welcome to the statewide network.', NULL, 1, 'low', NOW(), NULL),
('NTF-STW-16-8', 'USR-BNK-KAS', 'bloodbank', 'system_alert', 'Welcome', 'Welcome to the statewide network.', NULL, 1, 'low', NOW(), NULL),
('NTF-STW-16-9', 'USR-BNK-KAS', 'bloodbank', 'system_alert', 'Welcome', 'Welcome to the statewide network.', NULL, 1, 'low', NOW(), NULL),
('NTF-STW-16-10', 'USR-BNK-KAS', 'bloodbank', 'system_alert', 'Welcome', 'Welcome to the statewide network.', NULL, 1, 'low', NOW(), NULL);

INSERT INTO `audit_log` (`log_id`, `user_id`, `user_name`, `role`, `action`, `entity`, `entity_id`, `detail`, `ip_address`, `severity`, `created_at`) VALUES 
('LOG-STW-0-1', 'USR-HSP-PAT', 'State Admin', 'hospital', 'SYSTEM_SYNC', 'Hospital', 'HSP-2026-KL-PAT2', 'Automated regional synchronization', '127.0.0.1', 'Info', NOW()),
('LOG-STW-0-2', 'USR-HSP-PAT', 'State Admin', 'hospital', 'SYSTEM_SYNC', 'Hospital', 'HSP-2026-KL-PAT2', 'Automated regional synchronization', '127.0.0.1', 'Info', NOW()),
('LOG-STW-0-3', 'USR-HSP-PAT', 'State Admin', 'hospital', 'SYSTEM_SYNC', 'Hospital', 'HSP-2026-KL-PAT2', 'Automated regional synchronization', '127.0.0.1', 'Info', NOW()),
('LOG-STW-0-4', 'USR-HSP-PAT', 'State Admin', 'hospital', 'SYSTEM_SYNC', 'Hospital', 'HSP-2026-KL-PAT2', 'Automated regional synchronization', '127.0.0.1', 'Info', NOW()),
('LOG-STW-0-5', 'USR-HSP-PAT', 'State Admin', 'hospital', 'SYSTEM_SYNC', 'Hospital', 'HSP-2026-KL-PAT2', 'Automated regional synchronization', '127.0.0.1', 'Info', NOW()),
('LOG-STW-0-6', 'USR-HSP-PAT', 'State Admin', 'hospital', 'SYSTEM_SYNC', 'Hospital', 'HSP-2026-KL-PAT2', 'Automated regional synchronization', '127.0.0.1', 'Info', NOW()),
('LOG-STW-0-7', 'USR-HSP-PAT', 'State Admin', 'hospital', 'SYSTEM_SYNC', 'Hospital', 'HSP-2026-KL-PAT2', 'Automated regional synchronization', '127.0.0.1', 'Info', NOW()),
('LOG-STW-0-8', 'USR-HSP-PAT', 'State Admin', 'hospital', 'SYSTEM_SYNC', 'Hospital', 'HSP-2026-KL-PAT2', 'Automated regional synchronization', '127.0.0.1', 'Info', NOW()),
('LOG-STW-0-9', 'USR-HSP-PAT', 'State Admin', 'hospital', 'SYSTEM_SYNC', 'Hospital', 'HSP-2026-KL-PAT2', 'Automated regional synchronization', '127.0.0.1', 'Info', NOW()),
('LOG-STW-0-10', 'USR-HSP-PAT', 'State Admin', 'hospital', 'SYSTEM_SYNC', 'Hospital', 'HSP-2026-KL-PAT2', 'Automated regional synchronization', '127.0.0.1', 'Info', NOW()),
('LOG-STW-1-1', 'USR-HSP-ALA', 'State Admin', 'hospital', 'SYSTEM_SYNC', 'Hospital', 'HSP-2026-KL-ALA3', 'Automated regional synchronization', '127.0.0.1', 'Info', NOW()),
('LOG-STW-1-2', 'USR-HSP-ALA', 'State Admin', 'hospital', 'SYSTEM_SYNC', 'Hospital', 'HSP-2026-KL-ALA3', 'Automated regional synchronization', '127.0.0.1', 'Info', NOW()),
('LOG-STW-1-3', 'USR-HSP-ALA', 'State Admin', 'hospital', 'SYSTEM_SYNC', 'Hospital', 'HSP-2026-KL-ALA3', 'Automated regional synchronization', '127.0.0.1', 'Info', NOW()),
('LOG-STW-1-4', 'USR-HSP-ALA', 'State Admin', 'hospital', 'SYSTEM_SYNC', 'Hospital', 'HSP-2026-KL-ALA3', 'Automated regional synchronization', '127.0.0.1', 'Info', NOW()),
('LOG-STW-1-5', 'USR-HSP-ALA', 'State Admin', 'hospital', 'SYSTEM_SYNC', 'Hospital', 'HSP-2026-KL-ALA3', 'Automated regional synchronization', '127.0.0.1', 'Info', NOW()),
('LOG-STW-1-6', 'USR-HSP-ALA', 'State Admin', 'hospital', 'SYSTEM_SYNC', 'Hospital', 'HSP-2026-KL-ALA3', 'Automated regional synchronization', '127.0.0.1', 'Info', NOW()),
('LOG-STW-1-7', 'USR-HSP-ALA', 'State Admin', 'hospital', 'SYSTEM_SYNC', 'Hospital', 'HSP-2026-KL-ALA3', 'Automated regional synchronization', '127.0.0.1', 'Info', NOW()),
('LOG-STW-1-8', 'USR-HSP-ALA', 'State Admin', 'hospital', 'SYSTEM_SYNC', 'Hospital', 'HSP-2026-KL-ALA3', 'Automated regional synchronization', '127.0.0.1', 'Info', NOW()),
('LOG-STW-1-9', 'USR-HSP-ALA', 'State Admin', 'hospital', 'SYSTEM_SYNC', 'Hospital', 'HSP-2026-KL-ALA3', 'Automated regional synchronization', '127.0.0.1', 'Info', NOW()),
('LOG-STW-1-10', 'USR-HSP-ALA', 'State Admin', 'hospital', 'SYSTEM_SYNC', 'Hospital', 'HSP-2026-KL-ALA3', 'Automated regional synchronization', '127.0.0.1', 'Info', NOW()),
('LOG-STW-2-1', 'USR-HSP-KOT', 'State Admin', 'hospital', 'SYSTEM_SYNC', 'Hospital', 'HSP-2026-KL-KOT4', 'Automated regional synchronization', '127.0.0.1', 'Info', NOW()),
('LOG-STW-2-2', 'USR-HSP-KOT', 'State Admin', 'hospital', 'SYSTEM_SYNC', 'Hospital', 'HSP-2026-KL-KOT4', 'Automated regional synchronization', '127.0.0.1', 'Info', NOW()),
('LOG-STW-2-3', 'USR-HSP-KOT', 'State Admin', 'hospital', 'SYSTEM_SYNC', 'Hospital', 'HSP-2026-KL-KOT4', 'Automated regional synchronization', '127.0.0.1', 'Info', NOW()),
('LOG-STW-2-4', 'USR-HSP-KOT', 'State Admin', 'hospital', 'SYSTEM_SYNC', 'Hospital', 'HSP-2026-KL-KOT4', 'Automated regional synchronization', '127.0.0.1', 'Info', NOW()),
('LOG-STW-2-5', 'USR-HSP-KOT', 'State Admin', 'hospital', 'SYSTEM_SYNC', 'Hospital', 'HSP-2026-KL-KOT4', 'Automated regional synchronization', '127.0.0.1', 'Info', NOW()),
('LOG-STW-2-6', 'USR-HSP-KOT', 'State Admin', 'hospital', 'SYSTEM_SYNC', 'Hospital', 'HSP-2026-KL-KOT4', 'Automated regional synchronization', '127.0.0.1', 'Info', NOW()),
('LOG-STW-2-7', 'USR-HSP-KOT', 'State Admin', 'hospital', 'SYSTEM_SYNC', 'Hospital', 'HSP-2026-KL-KOT4', 'Automated regional synchronization', '127.0.0.1', 'Info', NOW()),
('LOG-STW-2-8', 'USR-HSP-KOT', 'State Admin', 'hospital', 'SYSTEM_SYNC', 'Hospital', 'HSP-2026-KL-KOT4', 'Automated regional synchronization', '127.0.0.1', 'Info', NOW()),
('LOG-STW-2-9', 'USR-HSP-KOT', 'State Admin', 'hospital', 'SYSTEM_SYNC', 'Hospital', 'HSP-2026-KL-KOT4', 'Automated regional synchronization', '127.0.0.1', 'Info', NOW()),
('LOG-STW-2-10', 'USR-HSP-KOT', 'State Admin', 'hospital', 'SYSTEM_SYNC', 'Hospital', 'HSP-2026-KL-KOT4', 'Automated regional synchronization', '127.0.0.1', 'Info', NOW()),
('LOG-STW-3-1', 'USR-HSP-IDU', 'State Admin', 'hospital', 'SYSTEM_SYNC', 'Hospital', 'HSP-2026-KL-IDU5', 'Automated regional synchronization', '127.0.0.1', 'Info', NOW()),
('LOG-STW-3-2', 'USR-HSP-IDU', 'State Admin', 'hospital', 'SYSTEM_SYNC', 'Hospital', 'HSP-2026-KL-IDU5', 'Automated regional synchronization', '127.0.0.1', 'Info', NOW()),
('LOG-STW-3-3', 'USR-HSP-IDU', 'State Admin', 'hospital', 'SYSTEM_SYNC', 'Hospital', 'HSP-2026-KL-IDU5', 'Automated regional synchronization', '127.0.0.1', 'Info', NOW()),
('LOG-STW-3-4', 'USR-HSP-IDU', 'State Admin', 'hospital', 'SYSTEM_SYNC', 'Hospital', 'HSP-2026-KL-IDU5', 'Automated regional synchronization', '127.0.0.1', 'Info', NOW()),
('LOG-STW-3-5', 'USR-HSP-IDU', 'State Admin', 'hospital', 'SYSTEM_SYNC', 'Hospital', 'HSP-2026-KL-IDU5', 'Automated regional synchronization', '127.0.0.1', 'Info', NOW()),
('LOG-STW-3-6', 'USR-HSP-IDU', 'State Admin', 'hospital', 'SYSTEM_SYNC', 'Hospital', 'HSP-2026-KL-IDU5', 'Automated regional synchronization', '127.0.0.1', 'Info', NOW()),
('LOG-STW-3-7', 'USR-HSP-IDU', 'State Admin', 'hospital', 'SYSTEM_SYNC', 'Hospital', 'HSP-2026-KL-IDU5', 'Automated regional synchronization', '127.0.0.1', 'Info', NOW()),
('LOG-STW-3-8', 'USR-HSP-IDU', 'State Admin', 'hospital', 'SYSTEM_SYNC', 'Hospital', 'HSP-2026-KL-IDU5', 'Automated regional synchronization', '127.0.0.1', 'Info', NOW()),
('LOG-STW-3-9', 'USR-HSP-IDU', 'State Admin', 'hospital', 'SYSTEM_SYNC', 'Hospital', 'HSP-2026-KL-IDU5', 'Automated regional synchronization', '127.0.0.1', 'Info', NOW()),
('LOG-STW-3-10', 'USR-HSP-IDU', 'State Admin', 'hospital', 'SYSTEM_SYNC', 'Hospital', 'HSP-2026-KL-IDU5', 'Automated regional synchronization', '127.0.0.1', 'Info', NOW()),
('LOG-STW-4-1', 'USR-HSP-MAL', 'State Admin', 'hospital', 'SYSTEM_SYNC', 'Hospital', 'HSP-2026-KL-MAL9', 'Automated regional synchronization', '127.0.0.1', 'Info', NOW()),
('LOG-STW-4-2', 'USR-HSP-MAL', 'State Admin', 'hospital', 'SYSTEM_SYNC', 'Hospital', 'HSP-2026-KL-MAL9', 'Automated regional synchronization', '127.0.0.1', 'Info', NOW()),
('LOG-STW-4-3', 'USR-HSP-MAL', 'State Admin', 'hospital', 'SYSTEM_SYNC', 'Hospital', 'HSP-2026-KL-MAL9', 'Automated regional synchronization', '127.0.0.1', 'Info', NOW()),
('LOG-STW-4-4', 'USR-HSP-MAL', 'State Admin', 'hospital', 'SYSTEM_SYNC', 'Hospital', 'HSP-2026-KL-MAL9', 'Automated regional synchronization', '127.0.0.1', 'Info', NOW()),
('LOG-STW-4-5', 'USR-HSP-MAL', 'State Admin', 'hospital', 'SYSTEM_SYNC', 'Hospital', 'HSP-2026-KL-MAL9', 'Automated regional synchronization', '127.0.0.1', 'Info', NOW()),
('LOG-STW-4-6', 'USR-HSP-MAL', 'State Admin', 'hospital', 'SYSTEM_SYNC', 'Hospital', 'HSP-2026-KL-MAL9', 'Automated regional synchronization', '127.0.0.1', 'Info', NOW()),
('LOG-STW-4-7', 'USR-HSP-MAL', 'State Admin', 'hospital', 'SYSTEM_SYNC', 'Hospital', 'HSP-2026-KL-MAL9', 'Automated regional synchronization', '127.0.0.1', 'Info', NOW()),
('LOG-STW-4-8', 'USR-HSP-MAL', 'State Admin', 'hospital', 'SYSTEM_SYNC', 'Hospital', 'HSP-2026-KL-MAL9', 'Automated regional synchronization', '127.0.0.1', 'Info', NOW()),
('LOG-STW-4-9', 'USR-HSP-MAL', 'State Admin', 'hospital', 'SYSTEM_SYNC', 'Hospital', 'HSP-2026-KL-MAL9', 'Automated regional synchronization', '127.0.0.1', 'Info', NOW()),
('LOG-STW-4-10', 'USR-HSP-MAL', 'State Admin', 'hospital', 'SYSTEM_SYNC', 'Hospital', 'HSP-2026-KL-MAL9', 'Automated regional synchronization', '127.0.0.1', 'Info', NOW()),
('LOG-STW-5-1', 'USR-HSP-WAY', 'State Admin', 'hospital', 'SYSTEM_SYNC', 'Hospital', 'HSP-2026-KL-WAY11', 'Automated regional synchronization', '127.0.0.1', 'Info', NOW()),
('LOG-STW-5-2', 'USR-HSP-WAY', 'State Admin', 'hospital', 'SYSTEM_SYNC', 'Hospital', 'HSP-2026-KL-WAY11', 'Automated regional synchronization', '127.0.0.1', 'Info', NOW()),
('LOG-STW-5-3', 'USR-HSP-WAY', 'State Admin', 'hospital', 'SYSTEM_SYNC', 'Hospital', 'HSP-2026-KL-WAY11', 'Automated regional synchronization', '127.0.0.1', 'Info', NOW()),
('LOG-STW-5-4', 'USR-HSP-WAY', 'State Admin', 'hospital', 'SYSTEM_SYNC', 'Hospital', 'HSP-2026-KL-WAY11', 'Automated regional synchronization', '127.0.0.1', 'Info', NOW()),
('LOG-STW-5-5', 'USR-HSP-WAY', 'State Admin', 'hospital', 'SYSTEM_SYNC', 'Hospital', 'HSP-2026-KL-WAY11', 'Automated regional synchronization', '127.0.0.1', 'Info', NOW()),
('LOG-STW-5-6', 'USR-HSP-WAY', 'State Admin', 'hospital', 'SYSTEM_SYNC', 'Hospital', 'HSP-2026-KL-WAY11', 'Automated regional synchronization', '127.0.0.1', 'Info', NOW()),
('LOG-STW-5-7', 'USR-HSP-WAY', 'State Admin', 'hospital', 'SYSTEM_SYNC', 'Hospital', 'HSP-2026-KL-WAY11', 'Automated regional synchronization', '127.0.0.1', 'Info', NOW()),
('LOG-STW-5-8', 'USR-HSP-WAY', 'State Admin', 'hospital', 'SYSTEM_SYNC', 'Hospital', 'HSP-2026-KL-WAY11', 'Automated regional synchronization', '127.0.0.1', 'Info', NOW()),
('LOG-STW-5-9', 'USR-HSP-WAY', 'State Admin', 'hospital', 'SYSTEM_SYNC', 'Hospital', 'HSP-2026-KL-WAY11', 'Automated regional synchronization', '127.0.0.1', 'Info', NOW()),
('LOG-STW-5-10', 'USR-HSP-WAY', 'State Admin', 'hospital', 'SYSTEM_SYNC', 'Hospital', 'HSP-2026-KL-WAY11', 'Automated regional synchronization', '127.0.0.1', 'Info', NOW()),
('LOG-STW-6-1', 'USR-HSP-KAN', 'State Admin', 'hospital', 'SYSTEM_SYNC', 'Hospital', 'HSP-2026-KL-KAN12', 'Automated regional synchronization', '127.0.0.1', 'Info', NOW()),
('LOG-STW-6-2', 'USR-HSP-KAN', 'State Admin', 'hospital', 'SYSTEM_SYNC', 'Hospital', 'HSP-2026-KL-KAN12', 'Automated regional synchronization', '127.0.0.1', 'Info', NOW()),
('LOG-STW-6-3', 'USR-HSP-KAN', 'State Admin', 'hospital', 'SYSTEM_SYNC', 'Hospital', 'HSP-2026-KL-KAN12', 'Automated regional synchronization', '127.0.0.1', 'Info', NOW()),
('LOG-STW-6-4', 'USR-HSP-KAN', 'State Admin', 'hospital', 'SYSTEM_SYNC', 'Hospital', 'HSP-2026-KL-KAN12', 'Automated regional synchronization', '127.0.0.1', 'Info', NOW()),
('LOG-STW-6-5', 'USR-HSP-KAN', 'State Admin', 'hospital', 'SYSTEM_SYNC', 'Hospital', 'HSP-2026-KL-KAN12', 'Automated regional synchronization', '127.0.0.1', 'Info', NOW()),
('LOG-STW-6-6', 'USR-HSP-KAN', 'State Admin', 'hospital', 'SYSTEM_SYNC', 'Hospital', 'HSP-2026-KL-KAN12', 'Automated regional synchronization', '127.0.0.1', 'Info', NOW()),
('LOG-STW-6-7', 'USR-HSP-KAN', 'State Admin', 'hospital', 'SYSTEM_SYNC', 'Hospital', 'HSP-2026-KL-KAN12', 'Automated regional synchronization', '127.0.0.1', 'Info', NOW()),
('LOG-STW-6-8', 'USR-HSP-KAN', 'State Admin', 'hospital', 'SYSTEM_SYNC', 'Hospital', 'HSP-2026-KL-KAN12', 'Automated regional synchronization', '127.0.0.1', 'Info', NOW()),
('LOG-STW-6-9', 'USR-HSP-KAN', 'State Admin', 'hospital', 'SYSTEM_SYNC', 'Hospital', 'HSP-2026-KL-KAN12', 'Automated regional synchronization', '127.0.0.1', 'Info', NOW()),
('LOG-STW-6-10', 'USR-HSP-KAN', 'State Admin', 'hospital', 'SYSTEM_SYNC', 'Hospital', 'HSP-2026-KL-KAN12', 'Automated regional synchronization', '127.0.0.1', 'Info', NOW()),
('LOG-STW-7-1', 'USR-HSP-KAS', 'State Admin', 'hospital', 'SYSTEM_SYNC', 'Hospital', 'HSP-2026-KL-KAS13', 'Automated regional synchronization', '127.0.0.1', 'Info', NOW()),
('LOG-STW-7-2', 'USR-HSP-KAS', 'State Admin', 'hospital', 'SYSTEM_SYNC', 'Hospital', 'HSP-2026-KL-KAS13', 'Automated regional synchronization', '127.0.0.1', 'Info', NOW()),
('LOG-STW-7-3', 'USR-HSP-KAS', 'State Admin', 'hospital', 'SYSTEM_SYNC', 'Hospital', 'HSP-2026-KL-KAS13', 'Automated regional synchronization', '127.0.0.1', 'Info', NOW()),
('LOG-STW-7-4', 'USR-HSP-KAS', 'State Admin', 'hospital', 'SYSTEM_SYNC', 'Hospital', 'HSP-2026-KL-KAS13', 'Automated regional synchronization', '127.0.0.1', 'Info', NOW()),
('LOG-STW-7-5', 'USR-HSP-KAS', 'State Admin', 'hospital', 'SYSTEM_SYNC', 'Hospital', 'HSP-2026-KL-KAS13', 'Automated regional synchronization', '127.0.0.1', 'Info', NOW()),
('LOG-STW-7-6', 'USR-HSP-KAS', 'State Admin', 'hospital', 'SYSTEM_SYNC', 'Hospital', 'HSP-2026-KL-KAS13', 'Automated regional synchronization', '127.0.0.1', 'Info', NOW()),
('LOG-STW-7-7', 'USR-HSP-KAS', 'State Admin', 'hospital', 'SYSTEM_SYNC', 'Hospital', 'HSP-2026-KL-KAS13', 'Automated regional synchronization', '127.0.0.1', 'Info', NOW()),
('LOG-STW-7-8', 'USR-HSP-KAS', 'State Admin', 'hospital', 'SYSTEM_SYNC', 'Hospital', 'HSP-2026-KL-KAS13', 'Automated regional synchronization', '127.0.0.1', 'Info', NOW()),
('LOG-STW-7-9', 'USR-HSP-KAS', 'State Admin', 'hospital', 'SYSTEM_SYNC', 'Hospital', 'HSP-2026-KL-KAS13', 'Automated regional synchronization', '127.0.0.1', 'Info', NOW()),
('LOG-STW-7-10', 'USR-HSP-KAS', 'State Admin', 'hospital', 'SYSTEM_SYNC', 'Hospital', 'HSP-2026-KL-KAS13', 'Automated regional synchronization', '127.0.0.1', 'Info', NOW()),
('LOG-STW-8-1', 'USR-BNK-PAT', 'State Admin', 'bloodbank', 'SYSTEM_SYNC', 'Blood_Bank', 'BNK-2026-KL-PAT2', 'Automated regional synchronization', '127.0.0.1', 'Info', NOW()),
('LOG-STW-8-2', 'USR-BNK-PAT', 'State Admin', 'bloodbank', 'SYSTEM_SYNC', 'Blood_Bank', 'BNK-2026-KL-PAT2', 'Automated regional synchronization', '127.0.0.1', 'Info', NOW()),
('LOG-STW-8-3', 'USR-BNK-PAT', 'State Admin', 'bloodbank', 'SYSTEM_SYNC', 'Blood_Bank', 'BNK-2026-KL-PAT2', 'Automated regional synchronization', '127.0.0.1', 'Info', NOW()),
('LOG-STW-8-4', 'USR-BNK-PAT', 'State Admin', 'bloodbank', 'SYSTEM_SYNC', 'Blood_Bank', 'BNK-2026-KL-PAT2', 'Automated regional synchronization', '127.0.0.1', 'Info', NOW()),
('LOG-STW-8-5', 'USR-BNK-PAT', 'State Admin', 'bloodbank', 'SYSTEM_SYNC', 'Blood_Bank', 'BNK-2026-KL-PAT2', 'Automated regional synchronization', '127.0.0.1', 'Info', NOW()),
('LOG-STW-8-6', 'USR-BNK-PAT', 'State Admin', 'bloodbank', 'SYSTEM_SYNC', 'Blood_Bank', 'BNK-2026-KL-PAT2', 'Automated regional synchronization', '127.0.0.1', 'Info', NOW()),
('LOG-STW-8-7', 'USR-BNK-PAT', 'State Admin', 'bloodbank', 'SYSTEM_SYNC', 'Blood_Bank', 'BNK-2026-KL-PAT2', 'Automated regional synchronization', '127.0.0.1', 'Info', NOW()),
('LOG-STW-8-8', 'USR-BNK-PAT', 'State Admin', 'bloodbank', 'SYSTEM_SYNC', 'Blood_Bank', 'BNK-2026-KL-PAT2', 'Automated regional synchronization', '127.0.0.1', 'Info', NOW()),
('LOG-STW-8-9', 'USR-BNK-PAT', 'State Admin', 'bloodbank', 'SYSTEM_SYNC', 'Blood_Bank', 'BNK-2026-KL-PAT2', 'Automated regional synchronization', '127.0.0.1', 'Info', NOW()),
('LOG-STW-8-10', 'USR-BNK-PAT', 'State Admin', 'bloodbank', 'SYSTEM_SYNC', 'Blood_Bank', 'BNK-2026-KL-PAT2', 'Automated regional synchronization', '127.0.0.1', 'Info', NOW()),
('LOG-STW-9-1', 'USR-BNK-ALA', 'State Admin', 'bloodbank', 'SYSTEM_SYNC', 'Blood_Bank', 'BNK-2026-KL-ALA3', 'Automated regional synchronization', '127.0.0.1', 'Info', NOW()),
('LOG-STW-9-2', 'USR-BNK-ALA', 'State Admin', 'bloodbank', 'SYSTEM_SYNC', 'Blood_Bank', 'BNK-2026-KL-ALA3', 'Automated regional synchronization', '127.0.0.1', 'Info', NOW()),
('LOG-STW-9-3', 'USR-BNK-ALA', 'State Admin', 'bloodbank', 'SYSTEM_SYNC', 'Blood_Bank', 'BNK-2026-KL-ALA3', 'Automated regional synchronization', '127.0.0.1', 'Info', NOW()),
('LOG-STW-9-4', 'USR-BNK-ALA', 'State Admin', 'bloodbank', 'SYSTEM_SYNC', 'Blood_Bank', 'BNK-2026-KL-ALA3', 'Automated regional synchronization', '127.0.0.1', 'Info', NOW()),
('LOG-STW-9-5', 'USR-BNK-ALA', 'State Admin', 'bloodbank', 'SYSTEM_SYNC', 'Blood_Bank', 'BNK-2026-KL-ALA3', 'Automated regional synchronization', '127.0.0.1', 'Info', NOW()),
('LOG-STW-9-6', 'USR-BNK-ALA', 'State Admin', 'bloodbank', 'SYSTEM_SYNC', 'Blood_Bank', 'BNK-2026-KL-ALA3', 'Automated regional synchronization', '127.0.0.1', 'Info', NOW()),
('LOG-STW-9-7', 'USR-BNK-ALA', 'State Admin', 'bloodbank', 'SYSTEM_SYNC', 'Blood_Bank', 'BNK-2026-KL-ALA3', 'Automated regional synchronization', '127.0.0.1', 'Info', NOW()),
('LOG-STW-9-8', 'USR-BNK-ALA', 'State Admin', 'bloodbank', 'SYSTEM_SYNC', 'Blood_Bank', 'BNK-2026-KL-ALA3', 'Automated regional synchronization', '127.0.0.1', 'Info', NOW()),
('LOG-STW-9-9', 'USR-BNK-ALA', 'State Admin', 'bloodbank', 'SYSTEM_SYNC', 'Blood_Bank', 'BNK-2026-KL-ALA3', 'Automated regional synchronization', '127.0.0.1', 'Info', NOW()),
('LOG-STW-9-10', 'USR-BNK-ALA', 'State Admin', 'bloodbank', 'SYSTEM_SYNC', 'Blood_Bank', 'BNK-2026-KL-ALA3', 'Automated regional synchronization', '127.0.0.1', 'Info', NOW()),
('LOG-STW-10-1', 'USR-BNK-KOT', 'State Admin', 'bloodbank', 'SYSTEM_SYNC', 'Blood_Bank', 'BNK-2026-KL-KOT4', 'Automated regional synchronization', '127.0.0.1', 'Info', NOW()),
('LOG-STW-10-2', 'USR-BNK-KOT', 'State Admin', 'bloodbank', 'SYSTEM_SYNC', 'Blood_Bank', 'BNK-2026-KL-KOT4', 'Automated regional synchronization', '127.0.0.1', 'Info', NOW()),
('LOG-STW-10-3', 'USR-BNK-KOT', 'State Admin', 'bloodbank', 'SYSTEM_SYNC', 'Blood_Bank', 'BNK-2026-KL-KOT4', 'Automated regional synchronization', '127.0.0.1', 'Info', NOW()),
('LOG-STW-10-4', 'USR-BNK-KOT', 'State Admin', 'bloodbank', 'SYSTEM_SYNC', 'Blood_Bank', 'BNK-2026-KL-KOT4', 'Automated regional synchronization', '127.0.0.1', 'Info', NOW()),
('LOG-STW-10-5', 'USR-BNK-KOT', 'State Admin', 'bloodbank', 'SYSTEM_SYNC', 'Blood_Bank', 'BNK-2026-KL-KOT4', 'Automated regional synchronization', '127.0.0.1', 'Info', NOW()),
('LOG-STW-10-6', 'USR-BNK-KOT', 'State Admin', 'bloodbank', 'SYSTEM_SYNC', 'Blood_Bank', 'BNK-2026-KL-KOT4', 'Automated regional synchronization', '127.0.0.1', 'Info', NOW()),
('LOG-STW-10-7', 'USR-BNK-KOT', 'State Admin', 'bloodbank', 'SYSTEM_SYNC', 'Blood_Bank', 'BNK-2026-KL-KOT4', 'Automated regional synchronization', '127.0.0.1', 'Info', NOW()),
('LOG-STW-10-8', 'USR-BNK-KOT', 'State Admin', 'bloodbank', 'SYSTEM_SYNC', 'Blood_Bank', 'BNK-2026-KL-KOT4', 'Automated regional synchronization', '127.0.0.1', 'Info', NOW()),
('LOG-STW-10-9', 'USR-BNK-KOT', 'State Admin', 'bloodbank', 'SYSTEM_SYNC', 'Blood_Bank', 'BNK-2026-KL-KOT4', 'Automated regional synchronization', '127.0.0.1', 'Info', NOW()),
('LOG-STW-10-10', 'USR-BNK-KOT', 'State Admin', 'bloodbank', 'SYSTEM_SYNC', 'Blood_Bank', 'BNK-2026-KL-KOT4', 'Automated regional synchronization', '127.0.0.1', 'Info', NOW()),
('LOG-STW-11-1', 'USR-BNK-IDU', 'State Admin', 'bloodbank', 'SYSTEM_SYNC', 'Blood_Bank', 'BNK-2026-KL-IDU5', 'Automated regional synchronization', '127.0.0.1', 'Info', NOW()),
('LOG-STW-11-2', 'USR-BNK-IDU', 'State Admin', 'bloodbank', 'SYSTEM_SYNC', 'Blood_Bank', 'BNK-2026-KL-IDU5', 'Automated regional synchronization', '127.0.0.1', 'Info', NOW()),
('LOG-STW-11-3', 'USR-BNK-IDU', 'State Admin', 'bloodbank', 'SYSTEM_SYNC', 'Blood_Bank', 'BNK-2026-KL-IDU5', 'Automated regional synchronization', '127.0.0.1', 'Info', NOW()),
('LOG-STW-11-4', 'USR-BNK-IDU', 'State Admin', 'bloodbank', 'SYSTEM_SYNC', 'Blood_Bank', 'BNK-2026-KL-IDU5', 'Automated regional synchronization', '127.0.0.1', 'Info', NOW()),
('LOG-STW-11-5', 'USR-BNK-IDU', 'State Admin', 'bloodbank', 'SYSTEM_SYNC', 'Blood_Bank', 'BNK-2026-KL-IDU5', 'Automated regional synchronization', '127.0.0.1', 'Info', NOW()),
('LOG-STW-11-6', 'USR-BNK-IDU', 'State Admin', 'bloodbank', 'SYSTEM_SYNC', 'Blood_Bank', 'BNK-2026-KL-IDU5', 'Automated regional synchronization', '127.0.0.1', 'Info', NOW()),
('LOG-STW-11-7', 'USR-BNK-IDU', 'State Admin', 'bloodbank', 'SYSTEM_SYNC', 'Blood_Bank', 'BNK-2026-KL-IDU5', 'Automated regional synchronization', '127.0.0.1', 'Info', NOW()),
('LOG-STW-11-8', 'USR-BNK-IDU', 'State Admin', 'bloodbank', 'SYSTEM_SYNC', 'Blood_Bank', 'BNK-2026-KL-IDU5', 'Automated regional synchronization', '127.0.0.1', 'Info', NOW()),
('LOG-STW-11-9', 'USR-BNK-IDU', 'State Admin', 'bloodbank', 'SYSTEM_SYNC', 'Blood_Bank', 'BNK-2026-KL-IDU5', 'Automated regional synchronization', '127.0.0.1', 'Info', NOW()),
('LOG-STW-11-10', 'USR-BNK-IDU', 'State Admin', 'bloodbank', 'SYSTEM_SYNC', 'Blood_Bank', 'BNK-2026-KL-IDU5', 'Automated regional synchronization', '127.0.0.1', 'Info', NOW()),
('LOG-STW-12-1', 'USR-BNK-PAL', 'State Admin', 'bloodbank', 'SYSTEM_SYNC', 'Blood_Bank', 'BNK-2026-KL-PAL8', 'Automated regional synchronization', '127.0.0.1', 'Info', NOW()),
('LOG-STW-12-2', 'USR-BNK-PAL', 'State Admin', 'bloodbank', 'SYSTEM_SYNC', 'Blood_Bank', 'BNK-2026-KL-PAL8', 'Automated regional synchronization', '127.0.0.1', 'Info', NOW()),
('LOG-STW-12-3', 'USR-BNK-PAL', 'State Admin', 'bloodbank', 'SYSTEM_SYNC', 'Blood_Bank', 'BNK-2026-KL-PAL8', 'Automated regional synchronization', '127.0.0.1', 'Info', NOW()),
('LOG-STW-12-4', 'USR-BNK-PAL', 'State Admin', 'bloodbank', 'SYSTEM_SYNC', 'Blood_Bank', 'BNK-2026-KL-PAL8', 'Automated regional synchronization', '127.0.0.1', 'Info', NOW()),
('LOG-STW-12-5', 'USR-BNK-PAL', 'State Admin', 'bloodbank', 'SYSTEM_SYNC', 'Blood_Bank', 'BNK-2026-KL-PAL8', 'Automated regional synchronization', '127.0.0.1', 'Info', NOW()),
('LOG-STW-12-6', 'USR-BNK-PAL', 'State Admin', 'bloodbank', 'SYSTEM_SYNC', 'Blood_Bank', 'BNK-2026-KL-PAL8', 'Automated regional synchronization', '127.0.0.1', 'Info', NOW()),
('LOG-STW-12-7', 'USR-BNK-PAL', 'State Admin', 'bloodbank', 'SYSTEM_SYNC', 'Blood_Bank', 'BNK-2026-KL-PAL8', 'Automated regional synchronization', '127.0.0.1', 'Info', NOW()),
('LOG-STW-12-8', 'USR-BNK-PAL', 'State Admin', 'bloodbank', 'SYSTEM_SYNC', 'Blood_Bank', 'BNK-2026-KL-PAL8', 'Automated regional synchronization', '127.0.0.1', 'Info', NOW()),
('LOG-STW-12-9', 'USR-BNK-PAL', 'State Admin', 'bloodbank', 'SYSTEM_SYNC', 'Blood_Bank', 'BNK-2026-KL-PAL8', 'Automated regional synchronization', '127.0.0.1', 'Info', NOW()),
('LOG-STW-12-10', 'USR-BNK-PAL', 'State Admin', 'bloodbank', 'SYSTEM_SYNC', 'Blood_Bank', 'BNK-2026-KL-PAL8', 'Automated regional synchronization', '127.0.0.1', 'Info', NOW()),
('LOG-STW-13-1', 'USR-BNK-MAL', 'State Admin', 'bloodbank', 'SYSTEM_SYNC', 'Blood_Bank', 'BNK-2026-KL-MAL9', 'Automated regional synchronization', '127.0.0.1', 'Info', NOW()),
('LOG-STW-13-2', 'USR-BNK-MAL', 'State Admin', 'bloodbank', 'SYSTEM_SYNC', 'Blood_Bank', 'BNK-2026-KL-MAL9', 'Automated regional synchronization', '127.0.0.1', 'Info', NOW()),
('LOG-STW-13-3', 'USR-BNK-MAL', 'State Admin', 'bloodbank', 'SYSTEM_SYNC', 'Blood_Bank', 'BNK-2026-KL-MAL9', 'Automated regional synchronization', '127.0.0.1', 'Info', NOW()),
('LOG-STW-13-4', 'USR-BNK-MAL', 'State Admin', 'bloodbank', 'SYSTEM_SYNC', 'Blood_Bank', 'BNK-2026-KL-MAL9', 'Automated regional synchronization', '127.0.0.1', 'Info', NOW()),
('LOG-STW-13-5', 'USR-BNK-MAL', 'State Admin', 'bloodbank', 'SYSTEM_SYNC', 'Blood_Bank', 'BNK-2026-KL-MAL9', 'Automated regional synchronization', '127.0.0.1', 'Info', NOW()),
('LOG-STW-13-6', 'USR-BNK-MAL', 'State Admin', 'bloodbank', 'SYSTEM_SYNC', 'Blood_Bank', 'BNK-2026-KL-MAL9', 'Automated regional synchronization', '127.0.0.1', 'Info', NOW()),
('LOG-STW-13-7', 'USR-BNK-MAL', 'State Admin', 'bloodbank', 'SYSTEM_SYNC', 'Blood_Bank', 'BNK-2026-KL-MAL9', 'Automated regional synchronization', '127.0.0.1', 'Info', NOW()),
('LOG-STW-13-8', 'USR-BNK-MAL', 'State Admin', 'bloodbank', 'SYSTEM_SYNC', 'Blood_Bank', 'BNK-2026-KL-MAL9', 'Automated regional synchronization', '127.0.0.1', 'Info', NOW()),
('LOG-STW-13-9', 'USR-BNK-MAL', 'State Admin', 'bloodbank', 'SYSTEM_SYNC', 'Blood_Bank', 'BNK-2026-KL-MAL9', 'Automated regional synchronization', '127.0.0.1', 'Info', NOW()),
('LOG-STW-13-10', 'USR-BNK-MAL', 'State Admin', 'bloodbank', 'SYSTEM_SYNC', 'Blood_Bank', 'BNK-2026-KL-MAL9', 'Automated regional synchronization', '127.0.0.1', 'Info', NOW()),
('LOG-STW-14-1', 'USR-BNK-WAY', 'State Admin', 'bloodbank', 'SYSTEM_SYNC', 'Blood_Bank', 'BNK-2026-KL-WAY11', 'Automated regional synchronization', '127.0.0.1', 'Info', NOW()),
('LOG-STW-14-2', 'USR-BNK-WAY', 'State Admin', 'bloodbank', 'SYSTEM_SYNC', 'Blood_Bank', 'BNK-2026-KL-WAY11', 'Automated regional synchronization', '127.0.0.1', 'Info', NOW()),
('LOG-STW-14-3', 'USR-BNK-WAY', 'State Admin', 'bloodbank', 'SYSTEM_SYNC', 'Blood_Bank', 'BNK-2026-KL-WAY11', 'Automated regional synchronization', '127.0.0.1', 'Info', NOW()),
('LOG-STW-14-4', 'USR-BNK-WAY', 'State Admin', 'bloodbank', 'SYSTEM_SYNC', 'Blood_Bank', 'BNK-2026-KL-WAY11', 'Automated regional synchronization', '127.0.0.1', 'Info', NOW()),
('LOG-STW-14-5', 'USR-BNK-WAY', 'State Admin', 'bloodbank', 'SYSTEM_SYNC', 'Blood_Bank', 'BNK-2026-KL-WAY11', 'Automated regional synchronization', '127.0.0.1', 'Info', NOW()),
('LOG-STW-14-6', 'USR-BNK-WAY', 'State Admin', 'bloodbank', 'SYSTEM_SYNC', 'Blood_Bank', 'BNK-2026-KL-WAY11', 'Automated regional synchronization', '127.0.0.1', 'Info', NOW()),
('LOG-STW-14-7', 'USR-BNK-WAY', 'State Admin', 'bloodbank', 'SYSTEM_SYNC', 'Blood_Bank', 'BNK-2026-KL-WAY11', 'Automated regional synchronization', '127.0.0.1', 'Info', NOW()),
('LOG-STW-14-8', 'USR-BNK-WAY', 'State Admin', 'bloodbank', 'SYSTEM_SYNC', 'Blood_Bank', 'BNK-2026-KL-WAY11', 'Automated regional synchronization', '127.0.0.1', 'Info', NOW()),
('LOG-STW-14-9', 'USR-BNK-WAY', 'State Admin', 'bloodbank', 'SYSTEM_SYNC', 'Blood_Bank', 'BNK-2026-KL-WAY11', 'Automated regional synchronization', '127.0.0.1', 'Info', NOW()),
('LOG-STW-14-10', 'USR-BNK-WAY', 'State Admin', 'bloodbank', 'SYSTEM_SYNC', 'Blood_Bank', 'BNK-2026-KL-WAY11', 'Automated regional synchronization', '127.0.0.1', 'Info', NOW()),
('LOG-STW-15-1', 'USR-BNK-KAN', 'State Admin', 'bloodbank', 'SYSTEM_SYNC', 'Blood_Bank', 'BNK-2026-KL-KAN12', 'Automated regional synchronization', '127.0.0.1', 'Info', NOW()),
('LOG-STW-15-2', 'USR-BNK-KAN', 'State Admin', 'bloodbank', 'SYSTEM_SYNC', 'Blood_Bank', 'BNK-2026-KL-KAN12', 'Automated regional synchronization', '127.0.0.1', 'Info', NOW()),
('LOG-STW-15-3', 'USR-BNK-KAN', 'State Admin', 'bloodbank', 'SYSTEM_SYNC', 'Blood_Bank', 'BNK-2026-KL-KAN12', 'Automated regional synchronization', '127.0.0.1', 'Info', NOW()),
('LOG-STW-15-4', 'USR-BNK-KAN', 'State Admin', 'bloodbank', 'SYSTEM_SYNC', 'Blood_Bank', 'BNK-2026-KL-KAN12', 'Automated regional synchronization', '127.0.0.1', 'Info', NOW()),
('LOG-STW-15-5', 'USR-BNK-KAN', 'State Admin', 'bloodbank', 'SYSTEM_SYNC', 'Blood_Bank', 'BNK-2026-KL-KAN12', 'Automated regional synchronization', '127.0.0.1', 'Info', NOW()),
('LOG-STW-15-6', 'USR-BNK-KAN', 'State Admin', 'bloodbank', 'SYSTEM_SYNC', 'Blood_Bank', 'BNK-2026-KL-KAN12', 'Automated regional synchronization', '127.0.0.1', 'Info', NOW()),
('LOG-STW-15-7', 'USR-BNK-KAN', 'State Admin', 'bloodbank', 'SYSTEM_SYNC', 'Blood_Bank', 'BNK-2026-KL-KAN12', 'Automated regional synchronization', '127.0.0.1', 'Info', NOW()),
('LOG-STW-15-8', 'USR-BNK-KAN', 'State Admin', 'bloodbank', 'SYSTEM_SYNC', 'Blood_Bank', 'BNK-2026-KL-KAN12', 'Automated regional synchronization', '127.0.0.1', 'Info', NOW()),
('LOG-STW-15-9', 'USR-BNK-KAN', 'State Admin', 'bloodbank', 'SYSTEM_SYNC', 'Blood_Bank', 'BNK-2026-KL-KAN12', 'Automated regional synchronization', '127.0.0.1', 'Info', NOW()),
('LOG-STW-15-10', 'USR-BNK-KAN', 'State Admin', 'bloodbank', 'SYSTEM_SYNC', 'Blood_Bank', 'BNK-2026-KL-KAN12', 'Automated regional synchronization', '127.0.0.1', 'Info', NOW()),
('LOG-STW-16-1', 'USR-BNK-KAS', 'State Admin', 'bloodbank', 'SYSTEM_SYNC', 'Blood_Bank', 'BNK-2026-KL-KAS13', 'Automated regional synchronization', '127.0.0.1', 'Info', NOW()),
('LOG-STW-16-2', 'USR-BNK-KAS', 'State Admin', 'bloodbank', 'SYSTEM_SYNC', 'Blood_Bank', 'BNK-2026-KL-KAS13', 'Automated regional synchronization', '127.0.0.1', 'Info', NOW()),
('LOG-STW-16-3', 'USR-BNK-KAS', 'State Admin', 'bloodbank', 'SYSTEM_SYNC', 'Blood_Bank', 'BNK-2026-KL-KAS13', 'Automated regional synchronization', '127.0.0.1', 'Info', NOW()),
('LOG-STW-16-4', 'USR-BNK-KAS', 'State Admin', 'bloodbank', 'SYSTEM_SYNC', 'Blood_Bank', 'BNK-2026-KL-KAS13', 'Automated regional synchronization', '127.0.0.1', 'Info', NOW()),
('LOG-STW-16-5', 'USR-BNK-KAS', 'State Admin', 'bloodbank', 'SYSTEM_SYNC', 'Blood_Bank', 'BNK-2026-KL-KAS13', 'Automated regional synchronization', '127.0.0.1', 'Info', NOW()),
('LOG-STW-16-6', 'USR-BNK-KAS', 'State Admin', 'bloodbank', 'SYSTEM_SYNC', 'Blood_Bank', 'BNK-2026-KL-KAS13', 'Automated regional synchronization', '127.0.0.1', 'Info', NOW()),
('LOG-STW-16-7', 'USR-BNK-KAS', 'State Admin', 'bloodbank', 'SYSTEM_SYNC', 'Blood_Bank', 'BNK-2026-KL-KAS13', 'Automated regional synchronization', '127.0.0.1', 'Info', NOW()),
('LOG-STW-16-8', 'USR-BNK-KAS', 'State Admin', 'bloodbank', 'SYSTEM_SYNC', 'Blood_Bank', 'BNK-2026-KL-KAS13', 'Automated regional synchronization', '127.0.0.1', 'Info', NOW()),
('LOG-STW-16-9', 'USR-BNK-KAS', 'State Admin', 'bloodbank', 'SYSTEM_SYNC', 'Blood_Bank', 'BNK-2026-KL-KAS13', 'Automated regional synchronization', '127.0.0.1', 'Info', NOW()),
('LOG-STW-16-10', 'USR-BNK-KAS', 'State Admin', 'bloodbank', 'SYSTEM_SYNC', 'Blood_Bank', 'BNK-2026-KL-KAS13', 'Automated regional synchronization', '127.0.0.1', 'Info', NOW());

SET FOREIGN_KEY_CHECKS = 1;
